  [1m[35m (2.6ms)[0m  [1m[35mCREATE TABLE "schema_migrations" ("version" varchar NOT NULL PRIMARY KEY) /*application='RailsSystemsLab'*/[0m
  [1m[35m (0.5ms)[0m  [1m[35mCREATE TABLE "ar_internal_metadata" ("key" varchar NOT NULL PRIMARY KEY, "value" varchar, "created_at" datetime(6) NOT NULL, "updated_at" datetime(6) NOT NULL) /*application='RailsSystemsLab'*/[0m
  [1m[36mActiveRecord::InternalMetadata Load (0.5ms)[0m  [1m[34mSELECT * FROM "ar_internal_metadata" WHERE "ar_internal_metadata"."key" = 'environment' ORDER BY "ar_internal_metadata"."key" ASC LIMIT 1 /*application='RailsSystemsLab'*/[0m
  [1m[36mActiveRecord::InternalMetadata Create (0.5ms)[0m  [1m[32mINSERT INTO "ar_internal_metadata" ("key", "value", "created_at", "updated_at") VALUES ('environment', 'development', '2026-04-26 18:42:26.322488', '2026-04-26 18:42:26.322495') RETURNING "key" /*application='RailsSystemsLab'*/[0m
  [1m[36mActiveRecord::SchemaMigration Load (0.4ms)[0m  [1m[34mSELECT "schema_migrations"."version" FROM "schema_migrations" ORDER BY "schema_migrations"."version" ASC /*application='RailsSystemsLab'*/[0m
Migrating to CreateNotes (20260426184215)
  [1m[36mTRANSACTION (0.2ms)[0m  [1m[35mBEGIN immediate TRANSACTION /*application='RailsSystemsLab'*/[0m
  [1m[35m (2.4ms)[0m  [1m[35mCREATE TABLE "notes" ("id" integer PRIMARY KEY AUTOINCREMENT NOT NULL, "title" varchar, "body" text, "status" varchar, "created_at" datetime(6) NOT NULL, "updated_at" datetime(6) NOT NULL) /*application='RailsSystemsLab'*/[0m
  [1m[36mActiveRecord::SchemaMigration Create (0.1ms)[0m  [1m[32mINSERT INTO "schema_migrations" ("version") VALUES ('20260426184215') RETURNING "version" /*application='RailsSystemsLab'*/[0m
  [1m[36mTRANSACTION (0.3ms)[0m  [1m[35mCOMMIT TRANSACTION /*application='RailsSystemsLab'*/[0m
  [1m[36mActiveRecord::SchemaMigration Load (0.2ms)[0m  [1m[34mSELECT "schema_migrations"."version" FROM "schema_migrations" ORDER BY "schema_migrations"."version" ASC /*application='RailsSystemsLab'*/[0m
Started GET "/" for 127.0.0.1 at 2026-04-26 18:51:22 +0000
  [1m[36mActiveRecord::SchemaMigration Load (0.6ms)[0m  [1m[34mSELECT "schema_migrations"."version" FROM "schema_migrations" ORDER BY "schema_migrations"."version" ASC /*application='RailsSystemsLab'*/[0m
Processing by Rails::WelcomeController#index as HTML
  Rendering /var/lib/gems/3.3.0/gems/railties-8.1.3/lib/rails/templates/rails/welcome/index.html.erb
  Rendered /var/lib/gems/3.3.0/gems/railties-8.1.3/lib/rails/templates/rails/welcome/index.html.erb (Duration: 3.7ms | GC: 1.4ms)
Completed 200 OK in 153ms (Views: 46.6ms | ActiveRecord: 0.0ms (0 queries, 0 cached) | GC: 30.9ms)


Started GET "/" for 127.0.0.1 at 2026-04-26 18:51:40 +0000
Processing by Rails::WelcomeController#index as HTML
  Rendering /var/lib/gems/3.3.0/gems/railties-8.1.3/lib/rails/templates/rails/welcome/index.html.erb
  Rendered /var/lib/gems/3.3.0/gems/railties-8.1.3/lib/rails/templates/rails/welcome/index.html.erb (Duration: 0.1ms | GC: 0.0ms)
Completed 200 OK in 2ms (Views: 0.8ms | ActiveRecord: 0.0ms (0 queries, 0 cached) | GC: 0.0ms)


Started GET "/" for 127.0.0.1 at 2026-04-26 18:51:41 +0000
Processing by Rails::WelcomeController#index as HTML
  Rendering /var/lib/gems/3.3.0/gems/railties-8.1.3/lib/rails/templates/rails/welcome/index.html.erb
  Rendered /var/lib/gems/3.3.0/gems/railties-8.1.3/lib/rails/templates/rails/welcome/index.html.erb (Duration: 0.1ms | GC: 0.0ms)
Completed 200 OK in 3ms (Views: 0.8ms | ActiveRecord: 0.0ms (0 queries, 0 cached) | GC: 0.0ms)


Started GET "/notes" for 127.0.0.1 at 2026-04-26 18:53:18 +0000
  [1m[36mActiveRecord::SchemaMigration Load (0.5ms)[0m  [1m[34mSELECT "schema_migrations"."version" FROM "schema_migrations" ORDER BY "schema_migrations"."version" ASC /*application='RailsSystemsLab'*/[0m
Processing by NotesController#index as HTML
  Rendering public/406-unsupported-browser.html
  Rendered public/406-unsupported-browser.html (Duration: 0.9ms | GC: 0.0ms)
Filter chain halted as #<Proc:0x0000007b3cad9a78 /var/lib/gems/3.3.0/gems/actionpack-8.1.3/lib/action_controller/metal/allow_browser.rb:58 (lambda)> rendered or redirected
Completed 406 Not Acceptable in 183ms (Views: 20.3ms | ActiveRecord: 0.0ms (0 queries, 0 cached) | GC: 0.0ms)


Started GET "/notes" for 127.0.0.1 at 2026-04-26 18:53:32 +0000
Processing by NotesController#index as HTML
  Rendering layout layouts/application.html.erb
  Rendering notes/index.html.erb within layouts/application
  [1m[36mNote Load (4.5ms)[0m  [1m[34mSELECT "notes".* FROM "notes" /*action='index',application='RailsSystemsLab',controller='notes'*/[0m
  ↳ app/views/notes/index.html.erb:9
  Rendered notes/index.html.erb within layouts/application (Duration: 7.9ms | GC: 0.0ms)
  Rendered layout layouts/application.html.erb (Duration: 40.7ms | GC: 20.9ms)
Completed 200 OK in 144ms (Views: 37.4ms | ActiveRecord: 6.9ms (1 query, 0 cached) | GC: 20.9ms)


Started GET "/notes/new" for 127.0.0.1 at 2026-04-26 18:53:34 +0000
Processing by NotesController#new as HTML
  Rendering layout layouts/application.html.erb
  Rendering notes/new.html.erb within layouts/application
  Rendered notes/_form.html.erb (Duration: 306.1ms | GC: 31.5ms)
  Rendered notes/new.html.erb within layouts/application (Duration: 308.9ms | GC: 31.5ms)
  Rendered layout layouts/application.html.erb (Duration: 309.7ms | GC: 31.5ms)
Completed 200 OK in 327ms (Views: 310.6ms | ActiveRecord: 2.6ms (0 queries, 0 cached) | GC: 33.1ms)


Started POST "/notes" for 127.0.0.1 at 2026-04-26 18:53:51 +0000
Processing by NotesController#create as HTML
  Parameters: {"authenticity_token"=>"[FILTERED]", "note"=>{"title"=>"", "body"=>"", "status"=>"Done"}, "commit"=>"Create Note"}
  Rendering layout layouts/application.html.erb
  Rendering notes/new.html.erb within layouts/application
  Rendered notes/_form.html.erb (Duration: 10.8ms | GC: 7.0ms)
  Rendered notes/new.html.erb within layouts/application (Duration: 11.3ms | GC: 7.0ms)
  Rendered layout layouts/application.html.erb (Duration: 12.0ms | GC: 7.0ms)
Completed 422 Unprocessable Content in 23ms (Views: 14.0ms | ActiveRecord: 0.0ms (0 queries, 0 cached) | GC: 12.1ms)


Started POST "/notes" for 127.0.0.1 at 2026-04-26 18:54:26 +0000
Processing by NotesController#create as HTML
  Parameters: {"authenticity_token"=>"[FILTERED]", "note"=>{"title"=>"Example", "body"=>"This is the text body of the example.Note", "status"=>"Done"}, "commit"=>"Create Note"}
  [1m[36mTRANSACTION (0.5ms)[0m  [1m[35mBEGIN immediate TRANSACTION /*action='create',application='RailsSystemsLab',controller='notes'*/[0m
  ↳ app/controllers/notes_controller.rb:27:in `block in create'
  [1m[36mNote Create (3.4ms)[0m  [1m[32mINSERT INTO "notes" ("title", "body", "status", "created_at", "updated_at") VALUES ('Example', 'This is the text body of the example.Note', 'Done', '2026-04-26 18:54:26.483410', '2026-04-26 18:54:26.483410') RETURNING "id" /*action='create',application='RailsSystemsLab',controller='notes'*/[0m
  ↳ app/controllers/notes_controller.rb:27:in `block in create'
  [1m[36mTRANSACTION (7.9ms)[0m  [1m[35mCOMMIT TRANSACTION /*action='create',application='RailsSystemsLab',controller='notes'*/[0m
  ↳ app/controllers/notes_controller.rb:27:in `block in create'
Redirected to http://127.0.0.1:3000/notes/1
↳ app/controllers/notes_controller.rb:28:in `block (2 levels) in create'
Completed 302 Found in 236ms (ActiveRecord: 11.8ms (1 query, 0 cached) | GC: 2.8ms)


Started GET "/notes/1" for 127.0.0.1 at 2026-04-26 18:54:26 +0000
Processing by NotesController#show as HTML
  Parameters: {"id"=>"1"}
  [1m[36mNote Load (0.3ms)[0m  [1m[34mSELECT "notes".* FROM "notes" WHERE "notes"."id" = 1 LIMIT 1 /*action='show',application='RailsSystemsLab',controller='notes'*/[0m
  ↳ app/controllers/notes_controller.rb:63:in `set_note'
  Rendering layout layouts/application.html.erb
  Rendering notes/show.html.erb within layouts/application
  Rendered notes/_note.html.erb (Duration: 0.5ms | GC: 0.0ms)
  Rendered notes/show.html.erb within layouts/application (Duration: 8.1ms | GC: 0.0ms)
  Rendered layout layouts/application.html.erb (Duration: 8.6ms | GC: 0.0ms)
Completed 200 OK in 19ms (Views: 9.1ms | ActiveRecord: 0.3ms (1 query, 0 cached) | GC: 0.0ms)


Started GET "/completed" for 127.0.0.1 at 2026-04-26 18:55:32 +0000
  [1m[36mActiveRecord::SchemaMigration Load (0.6ms)[0m  [1m[34mSELECT "schema_migrations"."version" FROM "schema_migrations" ORDER BY "schema_migrations"."version" ASC /*application='RailsSystemsLab'*/[0m
  
NoMethodError (undefined method `get' for main):
  
config/routes.rb:17:in `<main>'
Started GET "/favicon.ico" for 127.0.0.1 at 2026-04-26 18:55:33 +0000
  
ActionController::RoutingError (No route matches [GET] "/favicon.ico"):
  
Started GET "/completed" for 127.0.0.1 at 2026-04-26 18:58:56 +0000
  [1m[36mActiveRecord::SchemaMigration Load (0.6ms)[0m  [1m[34mSELECT "schema_migrations"."version" FROM "schema_migrations" ORDER BY "schema_migrations"."version" ASC /*application='RailsSystemsLab'*/[0m
Processing by NotesController#completed as HTML
  Rendering layout layouts/application.html.erb
  Rendering notes/completed.html.erb within layouts/application
  [1m[36mNote Exists? (0.6ms)[0m  [1m[34mSELECT 1 AS one FROM "notes" WHERE "notes"."status" = 'Done' LIMIT 1 /*action='completed',application='RailsSystemsLab',controller='notes'*/[0m
  ↳ app/views/notes/completed.html.erb:4
  [1m[36mNote Load (0.3ms)[0m  [1m[34mSELECT "notes".* FROM "notes" WHERE "notes"."status" = 'Done' /*action='completed',application='RailsSystemsLab',controller='notes'*/[0m
  ↳ app/views/notes/completed.html.erb:5
  Rendered notes/completed.html.erb within layouts/application (Duration: 13.2ms | GC: 0.0ms)
  Rendered layout layouts/application.html.erb (Duration: 77.8ms | GC: 24.9ms)
Completed 200 OK in 259ms (Views: 90.9ms | ActiveRecord: 9.9ms (2 queries, 0 cached) | GC: 24.9ms)


Started GET "/notes/1" for 127.0.0.1 at 2026-04-26 18:59:01 +0000
Processing by NotesController#show as HTML
  Parameters: {"id"=>"1"}
  [1m[36mNote Load (0.4ms)[0m  [1m[34mSELECT "notes".* FROM "notes" WHERE "notes"."id" = 1 LIMIT 1 /*action='show',application='RailsSystemsLab',controller='notes'*/[0m
  ↳ app/controllers/notes_controller.rb:48:in `set_note'
  Rendering layout layouts/application.html.erb
  Rendering notes/show.html.erb within layouts/application
  Rendered notes/_note.html.erb (Duration: 0.7ms | GC: 0.0ms)
  Rendered notes/show.html.erb within layouts/application (Duration: 6.3ms | GC: 0.0ms)
  Rendered layout layouts/application.html.erb (Duration: 7.0ms | GC: 0.0ms)
Completed 200 OK in 15ms (Views: 7.6ms | ActiveRecord: 0.4ms (1 query, 0 cached) | GC: 0.7ms)


Started GET "/notes" for 127.0.0.1 at 2026-04-26 19:00:40 +0000
  [1m[36mActiveRecord::SchemaMigration Load (0.7ms)[0m  [1m[34mSELECT "schema_migrations"."version" FROM "schema_migrations" ORDER BY "schema_migrations"."version" ASC /*application='RailsSystemsLab'*/[0m
Processing by NotesController#index as HTML
  Rendering layout layouts/application.html.erb
  Rendering notes/index.html.erb within layouts/application
  [1m[36mNote Load (5.2ms)[0m  [1m[34mSELECT "notes".* FROM "notes" /*action='index',application='RailsSystemsLab',controller='notes'*/[0m
  ↳ app/views/notes/index.html.erb:11
  Rendered notes/_note.html.erb (Duration: 0.7ms | GC: 0.0ms)
  Rendered notes/index.html.erb within layouts/application (Duration: 43.2ms | GC: 0.0ms)
  Rendered layout layouts/application.html.erb (Duration: 59.3ms | GC: 0.0ms)
Completed 200 OK in 221ms (Views: 65.5ms | ActiveRecord: 10.2ms (1 query, 0 cached) | GC: 0.0ms)


Started GET "/notes" for 127.0.0.1 at 2026-04-26 19:00:41 +0000
Processing by NotesController#index as HTML
  Rendering layout layouts/application.html.erb
  Rendering notes/index.html.erb within layouts/application
  [1m[36mNote Load (0.5ms)[0m  [1m[34mSELECT "notes".* FROM "notes" /*action='index',application='RailsSystemsLab',controller='notes'*/[0m
  ↳ app/views/notes/index.html.erb:11
  Rendered notes/_note.html.erb (Duration: 0.1ms | GC: 0.0ms)
  Rendered notes/index.html.erb within layouts/application (Duration: 3.2ms | GC: 0.0ms)
  Rendered layout layouts/application.html.erb (Duration: 4.1ms | GC: 0.0ms)
Completed 200 OK in 8ms (Views: 4.4ms | ActiveRecord: 0.5ms (1 query, 0 cached) | GC: 0.0ms)


Started GET "/completed" for 127.0.0.1 at 2026-04-26 19:00:43 +0000
Processing by NotesController#completed as HTML
  Rendering layout layouts/application.html.erb
  Rendering notes/completed.html.erb within layouts/application
  [1m[36mNote Exists? (0.4ms)[0m  [1m[34mSELECT 1 AS one FROM "notes" WHERE "notes"."status" = 'Done' LIMIT 1 /*action='completed',application='RailsSystemsLab',controller='notes'*/[0m
  ↳ app/views/notes/completed.html.erb:4
  [1m[36mNote Load (0.3ms)[0m  [1m[34mSELECT "notes".* FROM "notes" WHERE "notes"."status" = 'Done' /*action='completed',application='RailsSystemsLab',controller='notes'*/[0m
  ↳ app/views/notes/completed.html.erb:5
  Rendered notes/completed.html.erb within layouts/application (Duration: 9.7ms | GC: 0.9ms)
  Rendered layout layouts/application.html.erb (Duration: 11.3ms | GC: 0.9ms)
Completed 200 OK in 20ms (Views: 11.3ms | ActiveRecord: 0.8ms (2 queries, 0 cached) | GC: 0.9ms)


Started GET "/notes/new" for 127.0.0.1 at 2026-04-26 19:01:49 +0000
  [1m[36mActiveRecord::SchemaMigration Load (3.0ms)[0m  [1m[34mSELECT "schema_migrations"."version" FROM "schema_migrations" ORDER BY "schema_migrations"."version" ASC /*application='RailsSystemsLab'*/[0m
Processing by NotesController#new as HTML
  Rendering layout layouts/application.html.erb
  Rendering notes/new.html.erb within layouts/application
  Rendered notes/_form.html.erb (Duration: 33.9ms | GC: 0.0ms)
  Rendered notes/new.html.erb within layouts/application (Duration: 36.6ms | GC: 0.0ms)
  Rendered layout layouts/application.html.erb (Duration: 50.4ms | GC: 0.0ms)
Completed 200 OK in 179ms (Views: 63.0ms | ActiveRecord: 10.8ms (0 queries, 0 cached) | GC: 0.0ms)


Started POST "/notes" for 127.0.0.1 at 2026-04-26 19:02:15 +0000
Processing by NotesController#create as HTML
  Parameters: {"authenticity_token"=>"[FILTERED]", "note"=>{"title"=>"Test", "body"=>"This is urgent fix immediately", "status"=>""}, "commit"=>"Create Note"}
  [1m[36mTRANSACTION (0.4ms)[0m  [1m[35mBEGIN immediate TRANSACTION /*action='create',application='RailsSystemsLab',controller='notes'*/[0m
  ↳ app/controllers/notes_controller.rb:25:in `create'
  [1m[36mNote Create (3.5ms)[0m  [1m[32mINSERT INTO "notes" ("title", "body", "status", "created_at", "updated_at") VALUES ('Test', 'This is urgent fix immediately', 'Done', '2026-04-26 19:02:15.055679', '2026-04-26 19:02:15.055679') RETURNING "id" /*action='create',application='RailsSystemsLab',controller='notes'*/[0m
  ↳ app/controllers/notes_controller.rb:25:in `create'
  [1m[36mTRANSACTION (13.3ms)[0m  [1m[35mCOMMIT TRANSACTION /*action='create',application='RailsSystemsLab',controller='notes'*/[0m
  ↳ app/controllers/notes_controller.rb:25:in `create'
Redirected to http://127.0.0.1:3000/notes/2
↳ app/controllers/notes_controller.rb:26:in `create'
Completed 302 Found in 30ms (ActiveRecord: 17.1ms (1 query, 0 cached) | GC: 1.0ms)


Started GET "/notes/2" for 127.0.0.1 at 2026-04-26 19:02:15 +0000
Processing by NotesController#show as HTML
  Parameters: {"id"=>"2"}
  [1m[36mNote Load (0.5ms)[0m  [1m[34mSELECT "notes".* FROM "notes" WHERE "notes"."id" = 2 LIMIT 1 /*action='show',application='RailsSystemsLab',controller='notes'*/[0m
  ↳ app/controllers/notes_controller.rb:48:in `set_note'
  Rendering layout layouts/application.html.erb
  Rendering notes/show.html.erb within layouts/application
  Rendered notes/_note.html.erb (Duration: 0.6ms | GC: 0.0ms)
  Rendered notes/show.html.erb within layouts/application (Duration: 6.0ms | GC: 0.0ms)
  Rendered layout layouts/application.html.erb (Duration: 6.7ms | GC: 0.0ms)
Completed 200 OK in 32ms (Views: 7.3ms | ActiveRecord: 0.4ms (1 query, 0 cached) | GC: 0.6ms)


Started GET "/notes" for 127.0.0.1 at 2026-04-26 19:09:49 +0000
Processing by NotesController#index as HTML
  Rendering public/406-unsupported-browser.html
  Rendered public/406-unsupported-browser.html (Duration: 1.3ms | GC: 0.0ms)
Filter chain halted as #<Proc:0x00000070c6f09858 /var/lib/gems/3.3.0/gems/actionpack-8.1.3/lib/action_controller/metal/allow_browser.rb:58 (lambda)> rendered or redirected
Completed 406 Not Acceptable in 373ms (Views: 365.7ms | ActiveRecord: 0.0ms (0 queries, 0 cached) | GC: 109.9ms)


Started GET "/notes" for 127.0.0.1 at 2026-04-26 19:10:34 +0000
Processing by NotesController#index as HTML
  Rendering public/406-unsupported-browser.html
  Rendered public/406-unsupported-browser.html (Duration: 0.3ms | GC: 0.0ms)
Filter chain halted as #<Proc:0x00000070c6f09858 /var/lib/gems/3.3.0/gems/actionpack-8.1.3/lib/action_controller/metal/allow_browser.rb:58 (lambda)> rendered or redirected
Completed 406 Not Acceptable in 7ms (Views: 0.9ms | ActiveRecord: 0.0ms (0 queries, 0 cached) | GC: 4.1ms)


  [1m[36mActiveRecord::InternalMetadata Load (1.9ms)[0m  [1m[34mSELECT * FROM "ar_internal_metadata" WHERE "ar_internal_metadata"."key" = 'environment' ORDER BY "ar_internal_metadata"."key" ASC LIMIT 1 /*application='RailsSystemsLab'*/[0m
  [1m[36mActiveRecord::SchemaMigration Load (0.6ms)[0m  [1m[34mSELECT "schema_migrations"."version" FROM "schema_migrations" ORDER BY "schema_migrations"."version" ASC /*application='RailsSystemsLab'*/[0m
Migrating to CreateUsers (20260426191230)
  [1m[36mTRANSACTION (0.4ms)[0m  [1m[35mBEGIN immediate TRANSACTION /*application='RailsSystemsLab'*/[0m
  [1m[35m (3.0ms)[0m  [1m[35mCREATE TABLE "users" ("id" integer PRIMARY KEY AUTOINCREMENT NOT NULL, "name" varchar, "created_at" datetime(6) NOT NULL, "updated_at" datetime(6) NOT NULL) /*application='RailsSystemsLab'*/[0m
  [1m[36mActiveRecord::SchemaMigration Create (0.3ms)[0m  [1m[32mINSERT INTO "schema_migrations" ("version") VALUES ('20260426191230') RETURNING "version" /*application='RailsSystemsLab'*/[0m
  [1m[36mTRANSACTION (9.3ms)[0m  [1m[35mCOMMIT TRANSACTION /*application='RailsSystemsLab'*/[0m
  [1m[36mActiveRecord::SchemaMigration Load (0.2ms)[0m  [1m[34mSELECT "schema_migrations"."version" FROM "schema_migrations" ORDER BY "schema_migrations"."version" ASC /*application='RailsSystemsLab'*/[0m
  [1m[36mActiveRecord::InternalMetadata Load (1.5ms)[0m  [1m[34mSELECT * FROM "ar_internal_metadata" WHERE "ar_internal_metadata"."key" = 'environment' ORDER BY "ar_internal_metadata"."key" ASC LIMIT 1 /*application='RailsSystemsLab'*/[0m
  [1m[36mActiveRecord::SchemaMigration Load (1.1ms)[0m  [1m[34mSELECT "schema_migrations"."version" FROM "schema_migrations" ORDER BY "schema_migrations"."version" ASC /*application='RailsSystemsLab'*/[0m
Migrating to AddUserToNotes (20260426191301)
  [1m[36mTRANSACTION (0.2ms)[0m  [1m[35mBEGIN immediate TRANSACTION /*application='RailsSystemsLab'*/[0m
  [1m[35m (0.0ms)[0m  [1m[35mPRAGMA foreign_keys /*application='RailsSystemsLab'*/[0m
  [1m[35m (0.0ms)[0m  [1m[35mPRAGMA defer_foreign_keys /*application='RailsSystemsLab'*/[0m
  [1m[35m (0.0ms)[0m  [1m[35mPRAGMA defer_foreign_keys = ON /*application='RailsSystemsLab'*/[0m
  [1m[35m (0.0ms)[0m  [1m[35mPRAGMA foreign_keys = OFF /*application='RailsSystemsLab'*/[0m
  [1m[35m (0.2ms)[0m  [1m[35mCREATE TEMPORARY TABLE "anotes" ("id" integer PRIMARY KEY AUTOINCREMENT NOT NULL, "title" varchar, "body" text, "status" varchar, "created_at" datetime(6) NOT NULL, "updated_at" datetime(6) NOT NULL) /*application='RailsSystemsLab'*/[0m
  [1m[35mSQL (0.0ms)[0m  [1m[32mINSERT INTO "anotes" ("id","title","body","status","created_at","updated_at")
                     SELECT "id","title","body","status","created_at","updated_at" FROM "notes" /*application='RailsSystemsLab'*/[0m
  [1m[35m (0.2ms)[0m  [1m[35mDROP TABLE "notes" /*application='RailsSystemsLab'*/[0m
  [1m[35m (0.1ms)[0m  [1m[35mCREATE TABLE "notes" ("id" integer PRIMARY KEY AUTOINCREMENT NOT NULL, "title" varchar, "body" text, "status" varchar, "created_at" datetime(6) NOT NULL, "updated_at" datetime(6) NOT NULL, "user_id" integer NOT NULL) /*application='RailsSystemsLab'*/[0m
  [1m[35mSQL (0.2ms)[0m  [1m[32mINSERT INTO "notes" ("id","title","body","status","created_at","updated_at")
                     SELECT "id","title","body","status","created_at","updated_at" FROM "anotes" /*application='RailsSystemsLab'*/[0m
  [1m[35m (0.0ms)[0m  [1m[35mPRAGMA defer_foreign_keys = 0 /*application='RailsSystemsLab'*/[0m
  [1m[35m (0.0ms)[0m  [1m[35mPRAGMA foreign_keys = 1 /*application='RailsSystemsLab'*/[0m
  [1m[36mTRANSACTION (0.1ms)[0m  [1m[31mROLLBACK TRANSACTION /*application='RailsSystemsLab'*/[0m
  [1m[36mActiveRecord::InternalMetadata Load (1.6ms)[0m  [1m[34mSELECT * FROM "ar_internal_metadata" WHERE "ar_internal_metadata"."key" = 'environment' ORDER BY "ar_internal_metadata"."key" ASC LIMIT 1 /*application='RailsSystemsLab'*/[0m
  [1m[36mActiveRecord::SchemaMigration Load (1.0ms)[0m  [1m[34mSELECT "schema_migrations"."version" FROM "schema_migrations" ORDER BY "schema_migrations"."version" ASC /*application='RailsSystemsLab'*/[0m
Migrating to AddUserToNotes (20260426191301)
  [1m[36mTRANSACTION (1.0ms)[0m  [1m[35mBEGIN immediate TRANSACTION /*application='RailsSystemsLab'*/[0m
  [1m[35m (3.8ms)[0m  [1m[35mALTER TABLE "notes" ADD "user_id" integer /*application='RailsSystemsLab'*/[0m
  [1m[35m (0.1ms)[0m  [1m[35mCREATE INDEX "index_notes_on_user_id" ON "notes" ("user_id") /*application='RailsSystemsLab'*/[0m
  [1m[35m (0.0ms)[0m  [1m[35mPRAGMA foreign_keys /*application='RailsSystemsLab'*/[0m
  [1m[35m (0.0ms)[0m  [1m[35mPRAGMA defer_foreign_keys /*application='RailsSystemsLab'*/[0m
  [1m[35m (0.0ms)[0m  [1m[35mPRAGMA defer_foreign_keys = ON /*application='RailsSystemsLab'*/[0m
  [1m[35m (0.0ms)[0m  [1m[35mPRAGMA foreign_keys = OFF /*application='RailsSystemsLab'*/[0m
  [1m[35m (0.2ms)[0m  [1m[35mCREATE TEMPORARY TABLE "anotes" ("id" integer PRIMARY KEY AUTOINCREMENT NOT NULL, "title" varchar, "body" text, "status" varchar, "created_at" datetime(6) NOT NULL, "updated_at" datetime(6) NOT NULL, "user_id" integer) /*application='RailsSystemsLab'*/[0m
  [1m[35m (0.1ms)[0m  [1m[35mCREATE INDEX "tindex_anotes_on_user_id" ON "anotes" ("user_id") /*application='RailsSystemsLab'*/[0m
  [1m[35mSQL (0.0ms)[0m  [1m[32mINSERT INTO "anotes" ("id","title","body","status","created_at","updated_at","user_id")
                     SELECT "id","title","body","status","created_at","updated_at","user_id" FROM "notes" /*application='RailsSystemsLab'*/[0m
  [1m[35m (0.3ms)[0m  [1m[35mDROP TABLE "notes" /*application='RailsSystemsLab'*/[0m
  [1m[35m (0.1ms)[0m  [1m[35mCREATE TABLE "notes" ("id" integer PRIMARY KEY AUTOINCREMENT NOT NULL, "title" varchar, "body" text, "status" varchar, "created_at" datetime(6) NOT NULL, "updated_at" datetime(6) NOT NULL, "user_id" integer, CONSTRAINT "fk_rails_7f2323ad43"
FOREIGN KEY ("user_id")
  REFERENCES "users" ("id")
) /*application='RailsSystemsLab'*/[0m
  [1m[35m (0.0ms)[0m  [1m[35mCREATE INDEX "index_notes_on_user_id" ON "notes" ("user_id") /*application='RailsSystemsLab'*/[0m
  [1m[35mSQL (0.0ms)[0m  [1m[32mINSERT INTO "notes" ("id","title","body","status","created_at","updated_at","user_id")
                     SELECT "id","title","body","status","created_at","updated_at","user_id" FROM "anotes" /*application='RailsSystemsLab'*/[0m
  [1m[35m (0.2ms)[0m  [1m[35mDROP TABLE "anotes" /*application='RailsSystemsLab'*/[0m
  [1m[35m (0.0ms)[0m  [1m[35mPRAGMA defer_foreign_keys = 0 /*application='RailsSystemsLab'*/[0m
  [1m[35m (0.0ms)[0m  [1m[35mPRAGMA foreign_keys = 1 /*application='RailsSystemsLab'*/[0m
  [1m[36mActiveRecord::SchemaMigration Create (0.1ms)[0m  [1m[32mINSERT INTO "schema_migrations" ("version") VALUES ('20260426191301') RETURNING "version" /*application='RailsSystemsLab'*/[0m
  [1m[36mTRANSACTION (4.9ms)[0m  [1m[35mCOMMIT TRANSACTION /*application='RailsSystemsLab'*/[0m
  [1m[36mActiveRecord::SchemaMigration Load (0.1ms)[0m  [1m[34mSELECT "schema_migrations"."version" FROM "schema_migrations" ORDER BY "schema_migrations"."version" ASC /*application='RailsSystemsLab'*/[0m
Started GET "/users" for 127.0.0.1 at 2026-04-26 19:30:52 +0000
  [1m[36mActiveRecord::SchemaMigration Load (0.5ms)[0m  [1m[34mSELECT "schema_migrations"."version" FROM "schema_migrations" ORDER BY "schema_migrations"."version" ASC /*application='RailsSystemsLab'*/[0m
Processing by UsersController#index as HTML
  Rendering layout layouts/application.html.erb
  Rendering users/index.html.erb within layouts/application
  [1m[36mUser Load (5.7ms)[0m  [1m[34mSELECT "users".* FROM "users" /*action='index',application='RailsSystemsLab',controller='users'*/[0m
  ↳ app/views/users/index.html.erb:9
  Rendered users/index.html.erb within layouts/application (Duration: 13.5ms | GC: 0.0ms)
  Rendered layout layouts/application.html.erb (Duration: 33.5ms | GC: 0.0ms)
Completed 200 OK in 223ms (Views: 41.2ms | ActiveRecord: 9.0ms (1 query, 0 cached) | GC: 0.0ms)


Started GET "/users/new" for 127.0.0.1 at 2026-04-26 19:30:59 +0000
Processing by UsersController#new as HTML
  Rendering layout layouts/application.html.erb
  Rendering users/new.html.erb within layouts/application
  Rendered users/_form.html.erb (Duration: 34.0ms | GC: 0.0ms)
  Rendered users/new.html.erb within layouts/application (Duration: 36.9ms | GC: 0.0ms)
  Rendered layout layouts/application.html.erb (Duration: 37.7ms | GC: 0.0ms)
Completed 200 OK in 81ms (Views: 40.6ms | ActiveRecord: 2.0ms (0 queries, 0 cached) | GC: 28.9ms)


Started POST "/users" for 127.0.0.1 at 2026-04-26 19:31:03 +0000
Processing by UsersController#create as HTML
  Parameters: {"authenticity_token"=>"[FILTERED]", "user"=>{"name"=>"Bronbron"}, "commit"=>"Create User"}
  [1m[36mTRANSACTION (0.3ms)[0m  [1m[35mBEGIN immediate TRANSACTION /*action='create',application='RailsSystemsLab',controller='users'*/[0m
  ↳ app/controllers/users_controller.rb:27:in `block in create'
  [1m[36mUser Create (1.4ms)[0m  [1m[32mINSERT INTO "users" ("name", "created_at", "updated_at") VALUES ('Bronbron', '2026-04-26 19:31:03.023894', '2026-04-26 19:31:03.023894') RETURNING "id" /*action='create',application='RailsSystemsLab',controller='users'*/[0m
  ↳ app/controllers/users_controller.rb:27:in `block in create'
  [1m[36mTRANSACTION (9.8ms)[0m  [1m[35mCOMMIT TRANSACTION /*action='create',application='RailsSystemsLab',controller='users'*/[0m
  ↳ app/controllers/users_controller.rb:27:in `block in create'
Redirected to http://127.0.0.1:3000/users/1
↳ app/controllers/users_controller.rb:28:in `block (2 levels) in create'
Completed 302 Found in 23ms (ActiveRecord: 11.4ms (1 query, 0 cached) | GC: 0.4ms)


Started GET "/users/1" for 127.0.0.1 at 2026-04-26 19:31:03 +0000
Processing by UsersController#show as HTML
  Parameters: {"id"=>"1"}
  [1m[36mUser Load (0.4ms)[0m  [1m[34mSELECT "users".* FROM "users" WHERE "users"."id" = 1 LIMIT 1 /*action='show',application='RailsSystemsLab',controller='users'*/[0m
  ↳ app/controllers/users_controller.rb:63:in `set_user'
  Rendering layout layouts/application.html.erb
  Rendering users/show.html.erb within layouts/application
  Rendered users/_user.html.erb (Duration: 0.5ms | GC: 0.0ms)
  Rendered users/show.html.erb within layouts/application (Duration: 6.5ms | GC: 0.5ms)
  Rendered layout layouts/application.html.erb (Duration: 8.2ms | GC: 0.5ms)
Completed 200 OK in 16ms (Views: 8.7ms | ActiveRecord: 0.4ms (1 query, 0 cached) | GC: 0.5ms)


Started GET "/users/1" for 127.0.0.1 at 2026-04-26 19:31:06 +0000
Processing by UsersController#show as HTML
  Parameters: {"id"=>"1"}
  [1m[36mUser Load (0.3ms)[0m  [1m[34mSELECT "users".* FROM "users" WHERE "users"."id" = 1 LIMIT 1 /*action='show',application='RailsSystemsLab',controller='users'*/[0m
  ↳ app/controllers/users_controller.rb:63:in `set_user'
  Rendering layout layouts/application.html.erb
  Rendering users/show.html.erb within layouts/application
  Rendered users/_user.html.erb (Duration: 0.1ms | GC: 0.0ms)
  Rendered users/show.html.erb within layouts/application (Duration: 2.2ms | GC: 0.7ms)
  Rendered layout layouts/application.html.erb (Duration: 2.9ms | GC: 0.7ms)
Completed 200 OK in 8ms (Views: 3.6ms | ActiveRecord: 0.3ms (1 query, 0 cached) | GC: 0.7ms)


Started GET "/users" for 127.0.0.1 at 2026-04-26 19:31:18 +0000
Processing by UsersController#index as HTML
  Rendering layout layouts/application.html.erb
  Rendering users/index.html.erb within layouts/application
  [1m[36mUser Load (0.3ms)[0m  [1m[34mSELECT "users".* FROM "users" /*action='index',application='RailsSystemsLab',controller='users'*/[0m
  ↳ app/views/users/index.html.erb:9
  Rendered users/_user.html.erb (Duration: 0.1ms | GC: 0.0ms)
  Rendered users/index.html.erb within layouts/application (Duration: 1.9ms | GC: 0.0ms)
  Rendered layout layouts/application.html.erb (Duration: 2.5ms | GC: 0.0ms)
Completed 200 OK in 8ms (Views: 2.9ms | ActiveRecord: 0.3ms (1 query, 0 cached) | GC: 0.0ms)


Started GET "/notes/new" for 127.0.0.1 at 2026-04-26 19:31:21 +0000
Processing by NotesController#new as HTML
  Rendering layout layouts/application.html.erb
  Rendering notes/new.html.erb within layouts/application
  Rendered notes/_form.html.erb (Duration: 25.2ms | GC: 9.8ms)
  Rendered notes/new.html.erb within layouts/application (Duration: 28.8ms | GC: 9.8ms)
  Rendered layout layouts/application.html.erb (Duration: 31.2ms | GC: 11.2ms)
Completed 200 OK in 70ms (Views: 38.5ms | ActiveRecord: 0.8ms (0 queries, 0 cached) | GC: 20.7ms)


Started POST "/notes" for 127.0.0.1 at 2026-04-26 19:31:39 +0000
Processing by NotesController#create as HTML
  Parameters: {"authenticity_token"=>"[FILTERED]", "note"=>{"title"=>"Example note ", "body"=>"This is the text body of an example.Note", "status"=>"", "user_id"=>"856856"}, "commit"=>"Create Note"}
  [1m[36mTRANSACTION (0.2ms)[0m  [1m[35mBEGIN immediate TRANSACTION /*action='create',application='RailsSystemsLab',controller='notes'*/[0m
  ↳ app/controllers/notes_controller.rb:18:in `create'
  [1m[36mNote Create (6.3ms)[0m  [1m[32mINSERT INTO "notes" ("title", "body", "status", "created_at", "updated_at", "user_id") VALUES ('Example note ', 'This is the text body of an example.Note', '', '2026-04-26 19:31:39.611128', '2026-04-26 19:31:39.611128', 856856) RETURNING "id" /*action='create',application='RailsSystemsLab',controller='notes'*/[0m
  ↳ app/controllers/notes_controller.rb:18:in `create'
  [1m[36mTRANSACTION (0.2ms)[0m  [1m[31mROLLBACK TRANSACTION /*action='create',application='RailsSystemsLab',controller='notes'*/[0m
  ↳ app/controllers/notes_controller.rb:18:in `create'
Completed 500 Internal Server Error in 20ms (ActiveRecord: 6.7ms (1 query, 0 cached) | GC: 11.7ms)


  
ActiveRecord::InvalidForeignKey (SQLite3::ConstraintException: FOREIGN KEY constraint failed)
Caused by: SQLite3::ConstraintException (FOREIGN KEY constraint failed)

Information for: ActiveRecord::InvalidForeignKey (SQLite3::ConstraintException: FOREIGN KEY constraint failed):
  

Information for cause: SQLite3::ConstraintException (FOREIGN KEY constraint failed):
  
app/controllers/notes_controller.rb:18:in `create'
Started GET "/favicon.ico" for 127.0.0.1 at 2026-04-26 19:31:40 +0000
  
ActionController::RoutingError (No route matches [GET] "/favicon.ico"):
  
Started POST "/notes" for 127.0.0.1 at 2026-04-26 19:32:12 +0000
Processing by NotesController#create as HTML
  Parameters: {"authenticity_token"=>"[FILTERED]", "note"=>{"title"=>"Example note ", "body"=>"This is the text body of an example.Note", "status"=>"", "user_id"=>"1"}, "commit"=>"Create Note"}
  [1m[36mTRANSACTION (0.2ms)[0m  [1m[35mBEGIN immediate TRANSACTION /*action='create',application='RailsSystemsLab',controller='notes'*/[0m
  ↳ app/controllers/notes_controller.rb:18:in `create'
  [1m[36mNote Create (1.2ms)[0m  [1m[32mINSERT INTO "notes" ("title", "body", "status", "created_at", "updated_at", "user_id") VALUES ('Example note ', 'This is the text body of an example.Note', '', '2026-04-26 19:32:12.477869', '2026-04-26 19:32:12.477869', 1) RETURNING "id" /*action='create',application='RailsSystemsLab',controller='notes'*/[0m
  ↳ app/controllers/notes_controller.rb:18:in `create'
  [1m[36mTRANSACTION (0.2ms)[0m  [1m[35mCOMMIT TRANSACTION /*action='create',application='RailsSystemsLab',controller='notes'*/[0m
  ↳ app/controllers/notes_controller.rb:18:in `create'
Redirected to http://127.0.0.1:3000/notes/3
↳ app/controllers/notes_controller.rb:19:in `create'
Completed 302 Found in 10ms (ActiveRecord: 1.6ms (1 query, 0 cached) | GC: 2.7ms)


Started GET "/notes/3" for 127.0.0.1 at 2026-04-26 19:32:12 +0000
Processing by NotesController#show as HTML
  Parameters: {"id"=>"3"}
  [1m[36mNote Load (0.4ms)[0m  [1m[34mSELECT "notes".* FROM "notes" WHERE "notes"."id" = 3 LIMIT 1 /*action='show',application='RailsSystemsLab',controller='notes'*/[0m
  ↳ app/controllers/notes_controller.rb:41:in `set_note'
  Rendering layout layouts/application.html.erb
  Rendering notes/show.html.erb within layouts/application
  Rendered notes/_note.html.erb (Duration: 0.5ms | GC: 0.0ms)
  Rendered notes/show.html.erb within layouts/application (Duration: 3.9ms | GC: 0.0ms)
  Rendered layout layouts/application.html.erb (Duration: 4.6ms | GC: 0.0ms)
Completed 200 OK in 11ms (Views: 5.3ms | ActiveRecord: 0.4ms (1 query, 0 cached) | GC: 0.6ms)


Started GET "/notes/3/edit" for 127.0.0.1 at 2026-04-26 19:32:15 +0000
Processing by NotesController#edit as HTML
  Parameters: {"id"=>"3"}
  [1m[36mNote Load (0.4ms)[0m  [1m[34mSELECT "notes".* FROM "notes" WHERE "notes"."id" = 3 LIMIT 1 /*action='edit',application='RailsSystemsLab',controller='notes'*/[0m
  ↳ app/controllers/notes_controller.rb:41:in `set_note'
  Rendering layout layouts/application.html.erb
  Rendering notes/edit.html.erb within layouts/application
  Rendered notes/_form.html.erb (Duration: 1.8ms | GC: 0.0ms)
  Rendered notes/edit.html.erb within layouts/application (Duration: 2.8ms | GC: 0.0ms)
  Rendered layout layouts/application.html.erb (Duration: 3.7ms | GC: 0.0ms)
Completed 200 OK in 10ms (Views: 5.2ms | ActiveRecord: 0.3ms (1 query, 0 cached) | GC: 0.4ms)


Started GET "/notes/3" for 127.0.0.1 at 2026-04-26 19:38:12 +0000
  [1m[36mActiveRecord::SchemaMigration Load (0.4ms)[0m  [1m[34mSELECT "schema_migrations"."version" FROM "schema_migrations" ORDER BY "schema_migrations"."version" ASC /*application='RailsSystemsLab'*/[0m
Processing by NotesController#show as HTML
  Parameters: {"id"=>"3"}
  [1m[36mNote Load (0.9ms)[0m  [1m[34mSELECT "notes".* FROM "notes" WHERE "notes"."id" = 3 LIMIT 1 /*action='show',application='RailsSystemsLab',controller='notes'*/[0m
  ↳ app/controllers/notes_controller.rb:41:in `set_note'
  Rendering layout layouts/application.html.erb
  Rendering notes/show.html.erb within layouts/application
  [1m[36mUser Load (0.4ms)[0m  [1m[34mSELECT "users".* FROM "users" WHERE "users"."id" = 1 LIMIT 1 /*action='show',application='RailsSystemsLab',controller='notes'*/[0m
  ↳ app/views/notes/show.html.erb:11
  Rendered notes/show.html.erb within layouts/application (Duration: 93.9ms | GC: 2.2ms)
  Rendered layout layouts/application.html.erb (Duration: 112.0ms | GC: 3.7ms)
Completed 200 OK in 342ms (Views: 155.6ms | ActiveRecord: 10.0ms (2 queries, 0 cached) | GC: 30.7ms)


Started GET "/notes/new" for 127.0.0.1 at 2026-04-26 19:39:13 +0000
  [1m[36mActiveRecord::SchemaMigration Load (0.6ms)[0m  [1m[34mSELECT "schema_migrations"."version" FROM "schema_migrations" ORDER BY "schema_migrations"."version" ASC /*application='RailsSystemsLab'*/[0m
Processing by NotesController#new as HTML
  Rendering public/406-unsupported-browser.html
  Rendered public/406-unsupported-browser.html (Duration: 0.6ms | GC: 0.0ms)
Filter chain halted as #<Proc:0x0000007a401289e0 /var/lib/gems/3.3.0/gems/actionpack-8.1.3/lib/action_controller/metal/allow_browser.rb:58 (lambda)> rendered or redirected
Completed 406 Not Acceptable in 92ms (Views: 18.9ms | ActiveRecord: 0.0ms (0 queries, 0 cached) | GC: 0.0ms)


Started GET "/notes" for 127.0.0.1 at 2026-04-26 19:39:16 +0000
Processing by NotesController#index as HTML
  Rendering public/406-unsupported-browser.html
  Rendered public/406-unsupported-browser.html (Duration: 0.2ms | GC: 0.0ms)
Filter chain halted as #<Proc:0x0000007a401289e0 /var/lib/gems/3.3.0/gems/actionpack-8.1.3/lib/action_controller/metal/allow_browser.rb:58 (lambda)> rendered or redirected
Completed 406 Not Acceptable in 3ms (Views: 1.0ms | ActiveRecord: 0.0ms (0 queries, 0 cached) | GC: 0.0ms)


Started GET "/notes/3" for 127.0.0.1 at 2026-04-26 19:39:22 +0000
Processing by NotesController#show as HTML
  Parameters: {"id"=>"3"}
  [1m[36mNote Load (0.7ms)[0m  [1m[34mSELECT "notes".* FROM "notes" WHERE "notes"."id" = 3 LIMIT 1 /*action='show',application='RailsSystemsLab',controller='notes'*/[0m
  ↳ app/controllers/notes_controller.rb:41:in `set_note'
  Rendering layout layouts/application.html.erb
  Rendering notes/show.html.erb within layouts/application
  [1m[36mUser Load (0.3ms)[0m  [1m[34mSELECT "users".* FROM "users" WHERE "users"."id" = 1 LIMIT 1 /*action='show',application='RailsSystemsLab',controller='notes'*/[0m
  ↳ app/views/notes/show.html.erb:11
  Rendered notes/show.html.erb within layouts/application (Duration: 91.1ms | GC: 28.2ms)
  Rendered layout layouts/application.html.erb (Duration: 110.8ms | GC: 30.4ms)
Completed 200 OK in 234ms (Views: 113.5ms | ActiveRecord: 12.2ms (2 queries, 0 cached) | GC: 30.4ms)


Started GET "/notes/3" for 127.0.0.1 at 2026-04-26 19:39:37 +0000
Processing by NotesController#show as HTML
  Parameters: {"id"=>"3"}
  [1m[36mNote Load (0.5ms)[0m  [1m[34mSELECT "notes".* FROM "notes" WHERE "notes"."id" = 3 LIMIT 1 /*action='show',application='RailsSystemsLab',controller='notes'*/[0m
  ↳ app/controllers/notes_controller.rb:41:in `set_note'
  Rendering layout layouts/application.html.erb
  Rendering notes/show.html.erb within layouts/application
  [1m[36mUser Load (0.4ms)[0m  [1m[34mSELECT "users".* FROM "users" WHERE "users"."id" = 1 LIMIT 1 /*action='show',application='RailsSystemsLab',controller='notes'*/[0m
  ↳ app/views/notes/show.html.erb:11
  Rendered notes/show.html.erb within layouts/application (Duration: 3.2ms | GC: 0.6ms)
  Rendered layout layouts/application.html.erb (Duration: 3.7ms | GC: 0.6ms)
Completed 200 OK in 8ms (Views: 3.9ms | ActiveRecord: 0.8ms (2 queries, 0 cached) | GC: 0.6ms)


Started GET "/notes/3" for 127.0.0.1 at 2026-04-26 19:39:42 +0000
Processing by NotesController#show as HTML
  Parameters: {"id"=>"3"}
  [1m[36mNote Load (0.5ms)[0m  [1m[34mSELECT "notes".* FROM "notes" WHERE "notes"."id" = 3 LIMIT 1 /*action='show',application='RailsSystemsLab',controller='notes'*/[0m
  ↳ app/controllers/notes_controller.rb:41:in `set_note'
  Rendering layout layouts/application.html.erb
  Rendering notes/show.html.erb within layouts/application
  [1m[36mUser Load (1.1ms)[0m  [1m[34mSELECT "users".* FROM "users" WHERE "users"."id" = 1 LIMIT 1 /*action='show',application='RailsSystemsLab',controller='notes'*/[0m
  ↳ app/views/notes/show.html.erb:11
  Rendered notes/show.html.erb within layouts/application (Duration: 4.4ms | GC: 0.5ms)
  Rendered layout layouts/application.html.erb (Duration: 5.0ms | GC: 0.5ms)
Completed 200 OK in 10ms (Views: 4.5ms | ActiveRecord: 1.5ms (2 queries, 0 cached) | GC: 0.5ms)


Started GET "/notes/3" for 127.0.0.1 at 2026-04-26 19:39:46 +0000
Processing by NotesController#show as HTML
  Parameters: {"id"=>"3"}
  [1m[36mNote Load (0.4ms)[0m  [1m[34mSELECT "notes".* FROM "notes" WHERE "notes"."id" = 3 LIMIT 1 /*action='show',application='RailsSystemsLab',controller='notes'*/[0m
  ↳ app/controllers/notes_controller.rb:41:in `set_note'
  Rendering layout layouts/application.html.erb
  Rendering notes/show.html.erb within layouts/application
  [1m[36mUser Load (0.2ms)[0m  [1m[34mSELECT "users".* FROM "users" WHERE "users"."id" = 1 LIMIT 1 /*action='show',application='RailsSystemsLab',controller='notes'*/[0m
  ↳ app/views/notes/show.html.erb:11
  Rendered notes/show.html.erb within layouts/application (Duration: 1.9ms | GC: 0.0ms)
  Rendered layout layouts/application.html.erb (Duration: 2.4ms | GC: 0.0ms)
Completed 200 OK in 6ms (Views: 2.6ms | ActiveRecord: 0.6ms (2 queries, 0 cached) | GC: 0.0ms)


Started GET "/notes/new" for 127.0.0.1 at 2026-04-26 19:39:51 +0000
Processing by NotesController#new as HTML
  Rendering layout layouts/application.html.erb
  Rendering notes/new.html.erb within layouts/application
  [1m[36mUser Load (0.4ms)[0m  [1m[34mSELECT "users".* FROM "users" /*action='new',application='RailsSystemsLab',controller='notes'*/[0m
  ↳ app/views/notes/_form.html.erb:31
  Rendered notes/_form.html.erb (Duration: 227.7ms | GC: 26.5ms)
  Rendered notes/new.html.erb within layouts/application (Duration: 230.4ms | GC: 26.5ms)
  Rendered layout layouts/application.html.erb (Duration: 232.3ms | GC: 27.5ms)
Completed 200 OK in 237ms (Views: 232.5ms | ActiveRecord: 0.4ms (1 query, 0 cached) | GC: 27.5ms)


  [1m[36mActiveRecord::InternalMetadata Load (2.0ms)[0m  [1m[34mSELECT * FROM "ar_internal_metadata" WHERE "ar_internal_metadata"."key" = 'environment' ORDER BY "ar_internal_metadata"."key" ASC LIMIT 1 /*application='RailsSystemsLab'*/[0m
  [1m[36mActiveRecord::SchemaMigration Load (0.7ms)[0m  [1m[34mSELECT "schema_migrations"."version" FROM "schema_migrations" ORDER BY "schema_migrations"."version" ASC /*application='RailsSystemsLab'*/[0m
Migrating to CreateComments (20260426211228)
  [1m[36mTRANSACTION (0.4ms)[0m  [1m[35mBEGIN immediate TRANSACTION /*application='RailsSystemsLab'*/[0m
  [1m[35m (3.3ms)[0m  [1m[35mCREATE TABLE "comments" ("id" integer PRIMARY KEY AUTOINCREMENT NOT NULL, "body" text, "note_id" integer NOT NULL, "created_at" datetime(6) NOT NULL, "updated_at" datetime(6) NOT NULL, CONSTRAINT "fk_rails_2454c4e239"
FOREIGN KEY ("note_id")
  REFERENCES "notes" ("id")
) /*application='RailsSystemsLab'*/[0m
  [1m[35m (0.4ms)[0m  [1m[35mCREATE INDEX "index_comments_on_note_id" ON "comments" ("note_id") /*application='RailsSystemsLab'*/[0m
  [1m[36mActiveRecord::SchemaMigration Create (0.2ms)[0m  [1m[32mINSERT INTO "schema_migrations" ("version") VALUES ('20260426211228') RETURNING "version" /*application='RailsSystemsLab'*/[0m
  [1m[36mTRANSACTION (7.7ms)[0m  [1m[35mCOMMIT TRANSACTION /*application='RailsSystemsLab'*/[0m
  [1m[36mActiveRecord::SchemaMigration Load (0.3ms)[0m  [1m[34mSELECT "schema_migrations"."version" FROM "schema_migrations" ORDER BY "schema_migrations"."version" ASC /*application='RailsSystemsLab'*/[0m
Started GET "/notes/new" for 127.0.0.1 at 2026-04-26 21:13:25 +0000
  [1m[36mActiveRecord::SchemaMigration Load (0.7ms)[0m  [1m[34mSELECT "schema_migrations"."version" FROM "schema_migrations" ORDER BY "schema_migrations"."version" ASC /*application='RailsSystemsLab'*/[0m
Processing by NotesController#new as HTML
  Rendering layout layouts/application.html.erb
  Rendering notes/new.html.erb within layouts/application
  [1m[36mUser Load (0.5ms)[0m  [1m[34mSELECT "users".* FROM "users" /*action='new',application='RailsSystemsLab',controller='notes'*/[0m
  ↳ app/views/notes/_form.html.erb:31
  Rendered notes/_form.html.erb (Duration: 68.7ms | GC: 15.9ms)
  Rendered notes/new.html.erb within layouts/application (Duration: 70.4ms | GC: 15.9ms)
  Rendered layout layouts/application.html.erb (Duration: 80.4ms | GC: 17.0ms)
Completed 200 OK in 212ms (Views: 92.4ms | ActiveRecord: 9.2ms (1 query, 0 cached) | GC: 17.0ms)


Started GET "/notes" for 127.0.0.1 at 2026-04-26 21:13:30 +0000
Processing by NotesController#index as HTML
  Rendering layout layouts/application.html.erb
  Rendering notes/index.html.erb within layouts/application
  [1m[36mNote Load (0.4ms)[0m  [1m[34mSELECT "notes".* FROM "notes" /*action='index',application='RailsSystemsLab',controller='notes'*/[0m
  ↳ app/views/notes/index.html.erb:11
  Rendered notes/_note.html.erb (Duration: 0.6ms | GC: 0.0ms)
  Rendered notes/_note.html.erb (Duration: 0.0ms | GC: 0.0ms)
  Rendered notes/_note.html.erb (Duration: 0.0ms | GC: 0.0ms)
  Rendered notes/index.html.erb within layouts/application (Duration: 23.4ms | GC: 0.5ms)
  Rendered layout layouts/application.html.erb (Duration: 24.0ms | GC: 0.5ms)
Completed 200 OK in 28ms (Views: 24.1ms | ActiveRecord: 0.4ms (1 query, 0 cached) | GC: 0.5ms)


Started GET "/completed" for 127.0.0.1 at 2026-04-26 21:13:45 +0000
Processing by NotesController#completed as HTML
  Rendering layout layouts/application.html.erb
  Rendering notes/completed.html.erb within layouts/application
  [1m[36mNote Exists? (0.4ms)[0m  [1m[34mSELECT 1 AS one FROM "notes" WHERE "notes"."status" = 'Done' LIMIT 1 /*action='completed',application='RailsSystemsLab',controller='notes'*/[0m
  ↳ app/views/notes/completed.html.erb:4
  [1m[36mNote Load (0.3ms)[0m  [1m[34mSELECT "notes".* FROM "notes" WHERE "notes"."status" = 'Done' /*action='completed',application='RailsSystemsLab',controller='notes'*/[0m
  ↳ app/views/notes/completed.html.erb:5
  Rendered notes/completed.html.erb within layouts/application (Duration: 10.3ms | GC: 0.7ms)
  Rendered layout layouts/application.html.erb (Duration: 11.6ms | GC: 0.7ms)
Completed 200 OK in 19ms (Views: 11.6ms | ActiveRecord: 0.8ms (2 queries, 0 cached) | GC: 0.7ms)


Started GET "/notes/1" for 127.0.0.1 at 2026-04-26 21:13:47 +0000
Processing by NotesController#show as HTML
  Parameters: {"id"=>"1"}
  [1m[36mNote Load (0.6ms)[0m  [1m[34mSELECT "notes".* FROM "notes" WHERE "notes"."id" = 1 LIMIT 1 /*action='show',application='RailsSystemsLab',controller='notes'*/[0m
  ↳ app/controllers/notes_controller.rb:41:in `set_note'
  Rendering layout layouts/application.html.erb
  Rendering notes/show.html.erb within layouts/application
  [1m[36mComment Load (0.5ms)[0m  [1m[34mSELECT "comments".* FROM "comments" WHERE "comments"."note_id" = 1 /*action='show',application='RailsSystemsLab',controller='notes'*/[0m
  ↳ app/views/notes/show.html.erb:14
  Rendered notes/show.html.erb within layouts/application (Duration: 82.0ms | GC: 6.7ms)
  Rendered layout layouts/application.html.erb (Duration: 82.9ms | GC: 6.7ms)
Completed 200 OK in 93ms (Views: 82.9ms | ActiveRecord: 2.6ms (2 queries, 0 cached) | GC: 8.6ms)


Started GET "/api/notes" for 127.0.0.1 at 2026-04-26 22:39:57 +0000
  [1m[36mActiveRecord::SchemaMigration Load (0.6ms)[0m  [1m[34mSELECT "schema_migrations"."version" FROM "schema_migrations" ORDER BY "schema_migrations"."version" ASC /*application='RailsSystemsLab'*/[0m
Processing by Api::NotesController#index as HTML
  Rendering public/406-unsupported-browser.html
  Rendered public/406-unsupported-browser.html (Duration: 0.5ms | GC: 0.0ms)
Filter chain halted as #<Proc:0x0000007629be26f8 /var/lib/gems/3.3.0/gems/actionpack-8.1.3/lib/action_controller/metal/allow_browser.rb:58 (lambda)> rendered or redirected
Completed 406 Not Acceptable in 93ms (Views: 16.8ms | ActiveRecord: 0.0ms (0 queries, 0 cached) | GC: 0.0ms)


Started GET "/api/notes" for 127.0.0.1 at 2026-04-26 22:40:02 +0000
Processing by Api::NotesController#index as HTML
  [1m[36mNote Load (4.9ms)[0m  [1m[34mSELECT "notes".* FROM "notes" /*action='index',application='RailsSystemsLab',controller='notes'*/[0m
  ↳ app/controllers/api/notes_controller.rb:7:in `map'
  [1m[36mUser Load (0.3ms)[0m  [1m[34mSELECT "users".* FROM "users" WHERE "users"."id" = 1 /*action='index',application='RailsSystemsLab',controller='notes'*/[0m
  ↳ app/controllers/api/notes_controller.rb:7:in `map'
  [1m[36mComment Load (0.3ms)[0m  [1m[34mSELECT "comments".* FROM "comments" WHERE "comments"."note_id" IN (1, 2, 3) /*action='index',application='RailsSystemsLab',controller='notes'*/[0m
  ↳ app/controllers/api/notes_controller.rb:7:in `map'
Completed 500 Internal Server Error in 147ms (ActiveRecord: 11.5ms (3 queries, 0 cached) | GC: 19.8ms)


  
NoMethodError (undefined method `score' for an instance of Note):
  
app/controllers/api/notes_controller.rb:38:in `serialize_note'
app/controllers/api/notes_controller.rb:7:in `block in index'
app/controllers/api/notes_controller.rb:7:in `map'
app/controllers/api/notes_controller.rb:7:in `index'
Started GET "/favicon.ico" for 127.0.0.1 at 2026-04-26 22:40:03 +0000
  
ActionController::RoutingError (No route matches [GET] "/favicon.ico"):
  
  [1m[36mActiveRecord::InternalMetadata Load (1.3ms)[0m  [1m[34mSELECT * FROM "ar_internal_metadata" WHERE "ar_internal_metadata"."key" = 'environment' ORDER BY "ar_internal_metadata"."key" ASC LIMIT 1 /*application='RailsSystemsLab'*/[0m
  [1m[36mActiveRecord::SchemaMigration Load (0.6ms)[0m  [1m[34mSELECT "schema_migrations"."version" FROM "schema_migrations" ORDER BY "schema_migrations"."version" ASC /*application='RailsSystemsLab'*/[0m
Migrating to AddScoreToNotes (20260426224057)
  [1m[36mTRANSACTION (0.2ms)[0m  [1m[35mBEGIN immediate TRANSACTION /*application='RailsSystemsLab'*/[0m
  [1m[35m (1.8ms)[0m  [1m[35mALTER TABLE "notes" ADD "score" integer /*application='RailsSystemsLab'*/[0m
  [1m[36mActiveRecord::SchemaMigration Create (0.2ms)[0m  [1m[32mINSERT INTO "schema_migrations" ("version") VALUES ('20260426224057') RETURNING "version" /*application='RailsSystemsLab'*/[0m
  [1m[36mTRANSACTION (5.4ms)[0m  [1m[35mCOMMIT TRANSACTION /*application='RailsSystemsLab'*/[0m
  [1m[36mActiveRecord::SchemaMigration Load (0.2ms)[0m  [1m[34mSELECT "schema_migrations"."version" FROM "schema_migrations" ORDER BY "schema_migrations"."version" ASC /*application='RailsSystemsLab'*/[0m
Started GET "/api/notes" for 127.0.0.1 at 2026-04-26 22:41:41 +0000
  [1m[36mActiveRecord::SchemaMigration Load (0.6ms)[0m  [1m[34mSELECT "schema_migrations"."version" FROM "schema_migrations" ORDER BY "schema_migrations"."version" ASC /*application='RailsSystemsLab'*/[0m
Processing by Api::NotesController#index as HTML
  [1m[36mNote Load (6.6ms)[0m  [1m[34mSELECT "notes".* FROM "notes" /*action='index',application='RailsSystemsLab',controller='notes'*/[0m
  ↳ app/controllers/api/notes_controller.rb:7:in `map'
  [1m[36mUser Load (0.4ms)[0m  [1m[34mSELECT "users".* FROM "users" WHERE "users"."id" = 1 /*action='index',application='RailsSystemsLab',controller='notes'*/[0m
  ↳ app/controllers/api/notes_controller.rb:7:in `map'
  [1m[36mComment Load (0.4ms)[0m  [1m[34mSELECT "comments".* FROM "comments" WHERE "comments"."note_id" IN (1, 2, 3) /*action='index',application='RailsSystemsLab',controller='notes'*/[0m
  ↳ app/controllers/api/notes_controller.rb:7:in `map'
Completed 200 OK in 229ms (Views: 2.2ms | ActiveRecord: 16.8ms (3 queries, 0 cached) | GC: 30.1ms)


  [1m[36mNote Load (0.4ms)[0m  [1m[34mSELECT "notes".* FROM "notes" ORDER BY "notes"."id" ASC LIMIT 1000 /*application='RailsSystemsLab'*/[0m
Started GET "/api/notes" for 127.0.0.1 at 2026-04-26 22:43:33 +0000
  [1m[36mActiveRecord::SchemaMigration Load (0.6ms)[0m  [1m[34mSELECT "schema_migrations"."version" FROM "schema_migrations" ORDER BY "schema_migrations"."version" ASC /*application='RailsSystemsLab'*/[0m
Processing by Api::NotesController#index as HTML
  [1m[36mNote Load (6.6ms)[0m  [1m[34mSELECT "notes".* FROM "notes" /*action='index',application='RailsSystemsLab',controller='notes'*/[0m
  ↳ app/controllers/api/notes_controller.rb:7:in `map'
  [1m[36mUser Load (0.4ms)[0m  [1m[34mSELECT "users".* FROM "users" WHERE "users"."id" = 1 /*action='index',application='RailsSystemsLab',controller='notes'*/[0m
  ↳ app/controllers/api/notes_controller.rb:7:in `map'
  [1m[36mComment Load (0.7ms)[0m  [1m[34mSELECT "comments".* FROM "comments" WHERE "comments"."note_id" IN (1, 2, 3) /*action='index',application='RailsSystemsLab',controller='notes'*/[0m
  ↳ app/controllers/api/notes_controller.rb:7:in `map'
Completed 200 OK in 243ms (Views: 0.3ms | ActiveRecord: 16.9ms (3 queries, 0 cached) | GC: 27.5ms)


Started GET "/api/notes" for 127.0.0.1 at 2026-04-26 22:43:33 +0000
Processing by Api::NotesController#index as HTML
  [1m[36mNote Load (0.4ms)[0m  [1m[34mSELECT "notes".* FROM "notes" /*action='index',application='RailsSystemsLab',controller='notes'*/[0m
  ↳ app/controllers/api/notes_controller.rb:7:in `map'
  [1m[36mUser Load (0.3ms)[0m  [1m[34mSELECT "users".* FROM "users" WHERE "users"."id" = 1 /*action='index',application='RailsSystemsLab',controller='notes'*/[0m
  ↳ app/controllers/api/notes_controller.rb:7:in `map'
  [1m[36mComment Load (0.5ms)[0m  [1m[34mSELECT "comments".* FROM "comments" WHERE "comments"."note_id" IN (1, 2, 3) /*action='index',application='RailsSystemsLab',controller='notes'*/[0m
  ↳ app/controllers/api/notes_controller.rb:7:in `map'
Completed 200 OK in 9ms (Views: 0.1ms | ActiveRecord: 1.2ms (3 queries, 0 cached) | GC: 0.4ms)


Started GET "/api/notes" for 127.0.0.1 at 2026-04-26 22:43:35 +0000
Processing by Api::NotesController#index as HTML
  [1m[36mNote Load (0.6ms)[0m  [1m[34mSELECT "notes".* FROM "notes" /*action='index',application='RailsSystemsLab',controller='notes'*/[0m
  ↳ app/controllers/api/notes_controller.rb:7:in `map'
  [1m[36mUser Load (0.5ms)[0m  [1m[34mSELECT "users".* FROM "users" WHERE "users"."id" = 1 /*action='index',application='RailsSystemsLab',controller='notes'*/[0m
  ↳ app/controllers/api/notes_controller.rb:7:in `map'
  [1m[36mComment Load (0.6ms)[0m  [1m[34mSELECT "comments".* FROM "comments" WHERE "comments"."note_id" IN (1, 2, 3) /*action='index',application='RailsSystemsLab',controller='notes'*/[0m
  ↳ app/controllers/api/notes_controller.rb:7:in `map'
Completed 200 OK in 11ms (Views: 0.2ms | ActiveRecord: 1.7ms (3 queries, 0 cached) | GC: 1.1ms)


  [1m[36mNote Load (0.5ms)[0m  [1m[34mSELECT "notes".* FROM "notes" ORDER BY "notes"."id" ASC LIMIT 1000 /*application='RailsSystemsLab'*/[0m
  [1m[36mTRANSACTION (0.3ms)[0m  [1m[35mBEGIN immediate TRANSACTION /*application='RailsSystemsLab'*/[0m
  [1m[36mNote Update (1.5ms)[0m  [1m[33mUPDATE "notes" SET "updated_at" = '2026-04-26 22:44:48.407928', "score" = 0 WHERE "notes"."id" = 1 /*application='RailsSystemsLab'*/[0m
  [1m[36mTRANSACTION (6.8ms)[0m  [1m[35mCOMMIT TRANSACTION /*application='RailsSystemsLab'*/[0m
  [1m[36mTRANSACTION (0.3ms)[0m  [1m[35mBEGIN immediate TRANSACTION /*application='RailsSystemsLab'*/[0m
  [1m[36mNote Update (0.7ms)[0m  [1m[33mUPDATE "notes" SET "updated_at" = '2026-04-26 22:44:48.420884', "score" = 30 WHERE "notes"."id" = 2 /*application='RailsSystemsLab'*/[0m
  [1m[36mTRANSACTION (0.2ms)[0m  [1m[35mCOMMIT TRANSACTION /*application='RailsSystemsLab'*/[0m
  [1m[36mTRANSACTION (1.2ms)[0m  [1m[35mBEGIN immediate TRANSACTION /*application='RailsSystemsLab'*/[0m
  [1m[36mNote Update (1.9ms)[0m  [1m[33mUPDATE "notes" SET "status" = 'Pending', "updated_at" = '2026-04-26 22:44:48.423847', "score" = 0 WHERE "notes"."id" = 3 /*application='RailsSystemsLab'*/[0m
  [1m[36mTRANSACTION (0.2ms)[0m  [1m[35mCOMMIT TRANSACTION /*application='RailsSystemsLab'*/[0m
Started GET "/api/notes" for 127.0.0.1 at 2026-04-26 22:45:03 +0000
Started GET "/api/notes" for 127.0.0.1 at 2026-04-26 22:45:03 +0000
  [1m[36mActiveRecord::SchemaMigration Load (0.5ms)[0m  [1m[34mSELECT "schema_migrations"."version" FROM "schema_migrations" ORDER BY "schema_migrations"."version" ASC /*application='RailsSystemsLab'*/[0m
  
ActionController::RoutingError (No route matches [GET] "/api/notes"):
  
Processing by Api::NotesController#index as HTML
  [1m[36mNote Load (6.3ms)[0m  [1m[34mSELECT "notes".* FROM "notes" /*action='index',application='RailsSystemsLab',controller='notes'*/[0m
  ↳ app/controllers/api/notes_controller.rb:7:in `map'
  [1m[36mUser Load (0.3ms)[0m  [1m[34mSELECT "users".* FROM "users" WHERE "users"."id" = 1 /*action='index',application='RailsSystemsLab',controller='notes'*/[0m
  ↳ app/controllers/api/notes_controller.rb:7:in `map'
  [1m[36mComment Load (0.4ms)[0m  [1m[34mSELECT "comments".* FROM "comments" WHERE "comments"."note_id" IN (1, 2, 3) /*action='index',application='RailsSystemsLab',controller='notes'*/[0m
  ↳ app/controllers/api/notes_controller.rb:7:in `map'
Completed 200 OK in 243ms (Views: 0.3ms | ActiveRecord: 14.5ms (3 queries, 0 cached) | GC: 29.7ms)


Started GET "/api/notes" for 127.0.0.1 at 2026-04-26 22:46:07 +0000
  [1m[36mActiveRecord::SchemaMigration Load (2.4ms)[0m  [1m[34mSELECT "schema_migrations"."version" FROM "schema_migrations" ORDER BY "schema_migrations"."version" ASC /*application='RailsSystemsLab'*/[0m
Processing by Api::NotesController#index as HTML
  [1m[36mNote Load (5.1ms)[0m  [1m[34mSELECT "notes".* FROM "notes" /*action='index',application='RailsSystemsLab',controller='notes'*/[0m
  ↳ app/controllers/api/notes_controller.rb:7:in `map'
  [1m[36mUser Load (0.3ms)[0m  [1m[34mSELECT "users".* FROM "users" WHERE "users"."id" = 1 /*action='index',application='RailsSystemsLab',controller='notes'*/[0m
  ↳ app/controllers/api/notes_controller.rb:7:in `map'
  [1m[36mComment Load (0.4ms)[0m  [1m[34mSELECT "comments".* FROM "comments" WHERE "comments"."note_id" IN (1, 2, 3) /*action='index',application='RailsSystemsLab',controller='notes'*/[0m
  ↳ app/controllers/api/notes_controller.rb:7:in `map'
Completed 200 OK in 251ms (Views: 0.2ms | ActiveRecord: 13.3ms (3 queries, 0 cached) | GC: 27.5ms)


Started GET "/api/notes" for 127.0.0.1 at 2026-04-26 23:17:40 +0000
Started GET "/api/notes" for 127.0.0.1 at 2026-04-26 23:17:40 +0000
  [1m[36mActiveRecord::SchemaMigration Load (0.6ms)[0m  [1m[34mSELECT "schema_migrations"."version" FROM "schema_migrations" ORDER BY "schema_migrations"."version" ASC /*application='RailsSystemsLab'*/[0m
  
ActionController::RoutingError (No route matches [GET] "/api/notes"):
  
Processing by Api::NotesController#index as */*
  Rendering public/406-unsupported-browser.html
  Rendered public/406-unsupported-browser.html (Duration: 0.8ms | GC: 0.0ms)
Filter chain halted as #<Proc:0x00000077efda2e58 /var/lib/gems/3.3.0/gems/actionpack-8.1.3/lib/action_controller/metal/allow_browser.rb:58 (lambda)> rendered or redirected
Completed 406 Not Acceptable in 132ms (Views: 20.5ms | ActiveRecord: 0.0ms (0 queries, 0 cached) | GC: 26.1ms)


Started GET "/api/notes" for 127.0.0.1 at 2026-04-26 23:17:40 +0000
Processing by Api::NotesController#index as */*
  Rendering public/406-unsupported-browser.html
  Rendered public/406-unsupported-browser.html (Duration: 1.0ms | GC: 0.0ms)
Filter chain halted as #<Proc:0x00000077efda2e58 /var/lib/gems/3.3.0/gems/actionpack-8.1.3/lib/action_controller/metal/allow_browser.rb:58 (lambda)> rendered or redirected
Completed 406 Not Acceptable in 23ms (Views: 5.5ms | ActiveRecord: 0.0ms (0 queries, 0 cached) | GC: 8.7ms)


Started POST "/api/notes" for 127.0.0.1 at 2026-04-26 23:17:52 +0000
Processing by Api::NotesController#create as */*
  Parameters: {"note"=>{"title"=>"Hey", "body"=>"Buddy"}}
  Rendering public/406-unsupported-browser.html
  Rendered public/406-unsupported-browser.html (Duration: 0.3ms | GC: 0.0ms)
Filter chain halted as #<Proc:0x00000077efda2e58 /var/lib/gems/3.3.0/gems/actionpack-8.1.3/lib/action_controller/metal/allow_browser.rb:58 (lambda)> rendered or redirected
Completed 406 Not Acceptable in 3ms (Views: 0.9ms | ActiveRecord: 0.0ms (0 queries, 0 cached) | GC: 0.0ms)


Started GET "/api/notes" for 127.0.0.1 at 2026-04-26 23:17:52 +0000
Processing by Api::NotesController#index as */*
  Rendering public/406-unsupported-browser.html
  Rendered public/406-unsupported-browser.html (Duration: 0.3ms | GC: 0.0ms)
Filter chain halted as #<Proc:0x00000077efda2e58 /var/lib/gems/3.3.0/gems/actionpack-8.1.3/lib/action_controller/metal/allow_browser.rb:58 (lambda)> rendered or redirected
Completed 406 Not Acceptable in 3ms (Views: 1.0ms | ActiveRecord: 0.0ms (0 queries, 0 cached) | GC: 0.3ms)


Started GET "/notes" for 127.0.0.1 at 2026-04-26 23:18:21 +0000
Processing by NotesController#index as HTML
  Rendering public/406-unsupported-browser.html
  Rendered public/406-unsupported-browser.html (Duration: 1.0ms | GC: 0.0ms)
Filter chain halted as #<Proc:0x00000077efda2e58 /var/lib/gems/3.3.0/gems/actionpack-8.1.3/lib/action_controller/metal/allow_browser.rb:58 (lambda)> rendered or redirected
Completed 406 Not Acceptable in 4ms (Views: 1.9ms | ActiveRecord: 0.0ms (0 queries, 0 cached) | GC: 0.0ms)


Started GET "/notes" for 127.0.0.1 at 2026-04-26 23:18:27 +0000
Processing by NotesController#index as HTML
  Rendering layout layouts/application.html.erb
  Rendering notes/index.html.erb within layouts/application
  [1m[36mNote Load (5.4ms)[0m  [1m[34mSELECT "notes".* FROM "notes" /*action='index',application='RailsSystemsLab',controller='notes'*/[0m
  ↳ app/views/notes/index.html.erb:11
  Rendered notes/_note.html.erb (Duration: 0.8ms | GC: 0.0ms)
  Rendered notes/_note.html.erb (Duration: 0.0ms | GC: 0.0ms)
  Rendered notes/_note.html.erb (Duration: 0.0ms | GC: 0.0ms)
  Rendered notes/index.html.erb within layouts/application (Duration: 21.1ms | GC: 0.5ms)
  Rendered layout layouts/application.html.erb (Duration: 36.0ms | GC: 0.5ms)
Completed 200 OK in 71ms (Views: 30.6ms | ActiveRecord: 9.5ms (1 query, 0 cached) | GC: 0.9ms)


Started GET "/notes" for 127.0.0.1 at 2026-04-26 23:26:01 +0000
Processing by NotesController#index as HTML
  Rendering layout layouts/application.html.erb
  Rendering notes/index.html.erb within layouts/application
  [1m[36mNote Load (0.6ms)[0m  [1m[34mSELECT "notes".* FROM "notes" /*action='index',application='RailsSystemsLab',controller='notes'*/[0m
  ↳ app/views/notes/index.html.erb:11
  Rendered notes/_note.html.erb (Duration: 0.1ms | GC: 0.0ms)
  Rendered notes/_note.html.erb (Duration: 0.1ms | GC: 0.0ms)
  Rendered notes/_note.html.erb (Duration: 0.0ms | GC: 0.0ms)
  Rendered notes/index.html.erb within layouts/application (Duration: 226.6ms | GC: 0.0ms)
  Rendered layout layouts/application.html.erb (Duration: 227.5ms | GC: 0.0ms)
Completed 200 OK in 230ms (Views: 227.5ms | ActiveRecord: 0.6ms (1 query, 0 cached) | GC: 0.0ms)


Started GET "/notes" for 127.0.0.1 at 2026-04-26 23:30:13 +0000
Processing by NotesController#index as HTML
  Rendering layout layouts/application.html.erb
  Rendering notes/index.html.erb within layouts/application
  [1m[36mNote Load (0.4ms)[0m  [1m[34mSELECT "notes".* FROM "notes" /*action='index',application='RailsSystemsLab',controller='notes'*/[0m
  ↳ app/views/notes/index.html.erb:11
  Rendered notes/_note.html.erb (Duration: 0.1ms | GC: 0.0ms)
  Rendered notes/_note.html.erb (Duration: 0.0ms | GC: 0.0ms)
  Rendered notes/_note.html.erb (Duration: 0.0ms | GC: 0.0ms)
  Rendered notes/index.html.erb within layouts/application (Duration: 2.6ms | GC: 0.0ms)
  Rendered layout layouts/application.html.erb (Duration: 3.2ms | GC: 0.0ms)
Completed 200 OK in 5ms (Views: 3.4ms | ActiveRecord: 0.4ms (1 query, 0 cached) | GC: 0.0ms)


Started GET "/completed" for 127.0.0.1 at 2026-04-26 23:30:18 +0000
Processing by NotesController#completed as HTML
  Rendering layout layouts/application.html.erb
  Rendering notes/completed.html.erb within layouts/application
  [1m[36mNote Exists? (0.5ms)[0m  [1m[34mSELECT 1 AS one FROM "notes" WHERE "notes"."status" = 'Done' LIMIT 1 /*action='completed',application='RailsSystemsLab',controller='notes'*/[0m
  ↳ app/views/notes/completed.html.erb:4
  [1m[36mNote Load (0.4ms)[0m  [1m[34mSELECT "notes".* FROM "notes" WHERE "notes"."status" = 'Done' /*action='completed',application='RailsSystemsLab',controller='notes'*/[0m
  ↳ app/views/notes/completed.html.erb:5
  Rendered notes/completed.html.erb within layouts/application (Duration: 10.5ms | GC: 0.0ms)
  Rendered layout layouts/application.html.erb (Duration: 11.6ms | GC: 0.0ms)
Completed 200 OK in 213ms (Views: 11.6ms | ActiveRecord: 0.9ms (2 queries, 0 cached) | GC: 0.0ms)


Started GET "/api/notes" for 127.0.0.1 at 2026-04-26 23:31:26 +0000
Processing by Api::NotesController#index as */*
  [1m[36mNote Load (0.3ms)[0m  [1m[34mSELECT "notes".* FROM "notes" /*action='index',application='RailsSystemsLab',controller='notes'*/[0m
  ↳ app/controllers/api/notes_controller.rb:7:in `map'
  [1m[36mUser Load (0.5ms)[0m  [1m[34mSELECT "users".* FROM "users" WHERE "users"."id" = 1 /*action='index',application='RailsSystemsLab',controller='notes'*/[0m
  ↳ app/controllers/api/notes_controller.rb:7:in `map'
  [1m[36mComment Load (1.4ms)[0m  [1m[34mSELECT "comments".* FROM "comments" WHERE "comments"."note_id" IN (1, 2, 3) /*action='index',application='RailsSystemsLab',controller='notes'*/[0m
  ↳ app/controllers/api/notes_controller.rb:7:in `map'
Completed 200 OK in 213ms (Views: 0.2ms | ActiveRecord: 4.8ms (3 queries, 0 cached) | GC: 25.0ms)


Started GET "/api/notes" for 127.0.0.1 at 2026-04-26 23:31:26 +0000
Processing by Api::NotesController#index as */*
  [1m[36mNote Load (0.4ms)[0m  [1m[34mSELECT "notes".* FROM "notes" /*action='index',application='RailsSystemsLab',controller='notes'*/[0m
  ↳ app/controllers/api/notes_controller.rb:7:in `map'
  [1m[36mUser Load (0.3ms)[0m  [1m[34mSELECT "users".* FROM "users" WHERE "users"."id" = 1 /*action='index',application='RailsSystemsLab',controller='notes'*/[0m
  ↳ app/controllers/api/notes_controller.rb:7:in `map'
  [1m[36mComment Load (0.3ms)[0m  [1m[34mSELECT "comments".* FROM "comments" WHERE "comments"."note_id" IN (1, 2, 3) /*action='index',application='RailsSystemsLab',controller='notes'*/[0m
  ↳ app/controllers/api/notes_controller.rb:7:in `map'
Completed 200 OK in 7ms (Views: 0.1ms | ActiveRecord: 1.0ms (3 queries, 0 cached) | GC: 0.4ms)


Started GET "/api/notes" for 127.0.0.1 at 2026-04-26 23:31:28 +0000
Processing by Api::NotesController#index as */*
  [1m[36mNote Load (0.3ms)[0m  [1m[34mSELECT "notes".* FROM "notes" /*action='index',application='RailsSystemsLab',controller='notes'*/[0m
  ↳ app/controllers/api/notes_controller.rb:7:in `map'
  [1m[36mUser Load (0.6ms)[0m  [1m[34mSELECT "users".* FROM "users" WHERE "users"."id" = 1 /*action='index',application='RailsSystemsLab',controller='notes'*/[0m
  ↳ app/controllers/api/notes_controller.rb:7:in `map'
  [1m[36mComment Load (0.5ms)[0m  [1m[34mSELECT "comments".* FROM "comments" WHERE "comments"."note_id" IN (1, 2, 3) /*action='index',application='RailsSystemsLab',controller='notes'*/[0m
  ↳ app/controllers/api/notes_controller.rb:7:in `map'
Completed 200 OK in 7ms (Views: 0.1ms | ActiveRecord: 1.4ms (3 queries, 0 cached) | GC: 0.3ms)


Started GET "/api/notes" for 127.0.0.1 at 2026-04-26 23:31:28 +0000
Processing by Api::NotesController#index as */*
  [1m[36mNote Load (0.4ms)[0m  [1m[34mSELECT "notes".* FROM "notes" /*action='index',application='RailsSystemsLab',controller='notes'*/[0m
  ↳ app/controllers/api/notes_controller.rb:7:in `map'
  [1m[36mUser Load (0.4ms)[0m  [1m[34mSELECT "users".* FROM "users" WHERE "users"."id" = 1 /*action='index',application='RailsSystemsLab',controller='notes'*/[0m
  ↳ app/controllers/api/notes_controller.rb:7:in `map'
  [1m[36mComment Load (0.4ms)[0m  [1m[34mSELECT "comments".* FROM "comments" WHERE "comments"."note_id" IN (1, 2, 3) /*action='index',application='RailsSystemsLab',controller='notes'*/[0m
  ↳ app/controllers/api/notes_controller.rb:7:in `map'
Completed 200 OK in 6ms (Views: 0.1ms | ActiveRecord: 1.1ms (3 queries, 0 cached) | GC: 0.0ms)


Started GET "/api/notes" for 127.0.0.1 at 2026-04-26 23:34:15 +0000
  [1m[36mActiveRecord::SchemaMigration Load (0.4ms)[0m  [1m[34mSELECT "schema_migrations"."version" FROM "schema_migrations" ORDER BY "schema_migrations"."version" ASC /*application='RailsSystemsLab'*/[0m
Processing by Api::NotesController#index as */*
  Rendering public/406-unsupported-browser.html
  Rendered public/406-unsupported-browser.html (Duration: 0.4ms | GC: 0.0ms)
Filter chain halted as #<Proc:0x000000771a688260 /var/lib/gems/3.3.0/gems/actionpack-8.1.3/lib/action_controller/metal/allow_browser.rb:58 (lambda)> rendered or redirected
Completed 406 Not Acceptable in 91ms (Views: 17.6ms | ActiveRecord: 0.0ms (0 queries, 0 cached) | GC: 0.0ms)


Started GET "/api/notes" for 127.0.0.1 at 2026-04-26 23:34:15 +0000
Processing by Api::NotesController#index as */*
  Rendering public/406-unsupported-browser.html
  Rendered public/406-unsupported-browser.html (Duration: 0.3ms | GC: 0.0ms)
Filter chain halted as #<Proc:0x000000771a688260 /var/lib/gems/3.3.0/gems/actionpack-8.1.3/lib/action_controller/metal/allow_browser.rb:58 (lambda)> rendered or redirected
Completed 406 Not Acceptable in 3ms (Views: 1.0ms | ActiveRecord: 0.0ms (0 queries, 0 cached) | GC: 0.0ms)


Started POST "/api/notes" for 127.0.0.1 at 2026-04-26 23:34:26 +0000
Processing by Api::NotesController#create as */*
  Parameters: {"note"=>{"title"=>"Greetings", "body"=>"Hi there buddy"}}
  Rendering public/406-unsupported-browser.html
  Rendered public/406-unsupported-browser.html (Duration: 0.4ms | GC: 0.0ms)
Filter chain halted as #<Proc:0x000000771a688260 /var/lib/gems/3.3.0/gems/actionpack-8.1.3/lib/action_controller/metal/allow_browser.rb:58 (lambda)> rendered or redirected
Completed 406 Not Acceptable in 4ms (Views: 1.2ms | ActiveRecord: 0.0ms (0 queries, 0 cached) | GC: 0.0ms)


Started GET "/api/notes" for 127.0.0.1 at 2026-04-26 23:34:26 +0000
Processing by Api::NotesController#index as */*
  Rendering public/406-unsupported-browser.html
  Rendered public/406-unsupported-browser.html (Duration: 0.3ms | GC: 0.0ms)
Filter chain halted as #<Proc:0x000000771a688260 /var/lib/gems/3.3.0/gems/actionpack-8.1.3/lib/action_controller/metal/allow_browser.rb:58 (lambda)> rendered or redirected
Completed 406 Not Acceptable in 4ms (Views: 1.0ms | ActiveRecord: 0.0ms (0 queries, 0 cached) | GC: 0.7ms)


Started GET "/notes" for 127.0.0.1 at 2026-04-26 23:34:40 +0000
Processing by NotesController#index as HTML
  Rendering public/406-unsupported-browser.html
  Rendered public/406-unsupported-browser.html (Duration: 0.2ms | GC: 0.0ms)
Filter chain halted as #<Proc:0x000000771a688260 /var/lib/gems/3.3.0/gems/actionpack-8.1.3/lib/action_controller/metal/allow_browser.rb:58 (lambda)> rendered or redirected
Completed 406 Not Acceptable in 2ms (Views: 0.9ms | ActiveRecord: 0.0ms (0 queries, 0 cached) | GC: 0.0ms)


Started GET "/api/notes" for 127.0.0.1 at 2026-04-26 23:34:43 +0000
Processing by Api::NotesController#index as */*
  [1m[36mNote Load (3.8ms)[0m  [1m[34mSELECT "notes".* FROM "notes" /*action='index',application='RailsSystemsLab',controller='notes'*/[0m
  ↳ app/controllers/api/notes_controller.rb:7:in `map'
  [1m[36mUser Load (0.3ms)[0m  [1m[34mSELECT "users".* FROM "users" WHERE "users"."id" = 1 /*action='index',application='RailsSystemsLab',controller='notes'*/[0m
  ↳ app/controllers/api/notes_controller.rb:7:in `map'
  [1m[36mComment Load (0.4ms)[0m  [1m[34mSELECT "comments".* FROM "comments" WHERE "comments"."note_id" IN (1, 2, 3) /*action='index',application='RailsSystemsLab',controller='notes'*/[0m
  ↳ app/controllers/api/notes_controller.rb:7:in `map'
Completed 200 OK in 82ms (Views: 0.1ms | ActiveRecord: 10.6ms (3 queries, 0 cached) | GC: 5.7ms)


Started GET "/api/notes" for 127.0.0.1 at 2026-04-26 23:34:43 +0000
Processing by Api::NotesController#index as */*
  [1m[36mNote Load (0.3ms)[0m  [1m[34mSELECT "notes".* FROM "notes" /*action='index',application='RailsSystemsLab',controller='notes'*/[0m
  ↳ app/controllers/api/notes_controller.rb:7:in `map'
  [1m[36mUser Load (1.9ms)[0m  [1m[34mSELECT "users".* FROM "users" WHERE "users"."id" = 1 /*action='index',application='RailsSystemsLab',controller='notes'*/[0m
  ↳ app/controllers/api/notes_controller.rb:7:in `map'
  [1m[36mComment Load (0.5ms)[0m  [1m[34mSELECT "comments".* FROM "comments" WHERE "comments"."note_id" IN (1, 2, 3) /*action='index',application='RailsSystemsLab',controller='notes'*/[0m
  ↳ app/controllers/api/notes_controller.rb:7:in `map'
Completed 200 OK in 12ms (Views: 0.1ms | ActiveRecord: 2.7ms (3 queries, 0 cached) | GC: 6.3ms)


Started GET "/notes" for 127.0.0.1 at 2026-04-26 23:34:52 +0000
Processing by NotesController#index as HTML
  Rendering layout layouts/application.html.erb
  Rendering notes/index.html.erb within layouts/application
  [1m[36mNote Load (0.4ms)[0m  [1m[34mSELECT "notes".* FROM "notes" /*action='index',application='RailsSystemsLab',controller='notes'*/[0m
  ↳ app/views/notes/index.html.erb:11
  Rendered notes/_note.html.erb (Duration: 0.7ms | GC: 0.0ms)
  Rendered notes/_note.html.erb (Duration: 0.0ms | GC: 0.0ms)
  Rendered notes/_note.html.erb (Duration: 0.0ms | GC: 0.0ms)
  Rendered notes/index.html.erb within layouts/application (Duration: 34.4ms | GC: 12.3ms)
  Rendered layout layouts/application.html.erb (Duration: 58.7ms | GC: 21.7ms)
Completed 200 OK in 98ms (Views: 62.7ms | ActiveRecord: 0.4ms (1 query, 0 cached) | GC: 27.0ms)


Started GET "/notes/1" for 127.0.0.1 at 2026-04-26 23:34:54 +0000
Processing by NotesController#show as HTML
  Parameters: {"id"=>"1"}
  [1m[36mNote Load (0.3ms)[0m  [1m[34mSELECT "notes".* FROM "notes" WHERE "notes"."id" = 1 LIMIT 1 /*action='show',application='RailsSystemsLab',controller='notes'*/[0m
  ↳ app/controllers/notes_controller.rb:41:in `set_note'
  Rendering layout layouts/application.html.erb
  Rendering notes/show.html.erb within layouts/application
  [1m[36mComment Load (0.3ms)[0m  [1m[34mSELECT "comments".* FROM "comments" WHERE "comments"."note_id" = 1 /*action='show',application='RailsSystemsLab',controller='notes'*/[0m
  ↳ app/views/notes/show.html.erb:14
  Rendered notes/show.html.erb within layouts/application (Duration: 15.7ms | GC: 0.6ms)
  Rendered layout layouts/application.html.erb (Duration: 16.2ms | GC: 0.6ms)
Completed 200 OK in 22ms (Views: 16.4ms | ActiveRecord: 0.7ms (2 queries, 0 cached) | GC: 0.6ms)


Started GET "/api/notes" for 127.0.0.1 at 2026-04-26 23:34:58 +0000
Processing by Api::NotesController#index as */*
  [1m[36mNote Load (0.4ms)[0m  [1m[34mSELECT "notes".* FROM "notes" /*action='index',application='RailsSystemsLab',controller='notes'*/[0m
  ↳ app/controllers/api/notes_controller.rb:7:in `map'
  [1m[36mUser Load (0.3ms)[0m  [1m[34mSELECT "users".* FROM "users" WHERE "users"."id" = 1 /*action='index',application='RailsSystemsLab',controller='notes'*/[0m
  ↳ app/controllers/api/notes_controller.rb:7:in `map'
  [1m[36mComment Load (0.3ms)[0m  [1m[34mSELECT "comments".* FROM "comments" WHERE "comments"."note_id" IN (1, 2, 3) /*action='index',application='RailsSystemsLab',controller='notes'*/[0m
  ↳ app/controllers/api/notes_controller.rb:7:in `map'
Completed 200 OK in 7ms (Views: 0.1ms | ActiveRecord: 1.0ms (3 queries, 0 cached) | GC: 0.0ms)


Started GET "/api/notes" for 127.0.0.1 at 2026-04-26 23:34:58 +0000
Processing by Api::NotesController#index as */*
  [1m[36mNote Load (0.5ms)[0m  [1m[34mSELECT "notes".* FROM "notes" /*action='index',application='RailsSystemsLab',controller='notes'*/[0m
  ↳ app/controllers/api/notes_controller.rb:7:in `map'
  [1m[36mUser Load (0.3ms)[0m  [1m[34mSELECT "users".* FROM "users" WHERE "users"."id" = 1 /*action='index',application='RailsSystemsLab',controller='notes'*/[0m
  ↳ app/controllers/api/notes_controller.rb:7:in `map'
  [1m[36mComment Load (0.3ms)[0m  [1m[34mSELECT "comments".* FROM "comments" WHERE "comments"."note_id" IN (1, 2, 3) /*action='index',application='RailsSystemsLab',controller='notes'*/[0m
  ↳ app/controllers/api/notes_controller.rb:7:in `map'
Completed 200 OK in 8ms (Views: 0.1ms | ActiveRecord: 1.1ms (3 queries, 0 cached) | GC: 0.2ms)


Started GET "/api/notes" for 127.0.0.1 at 2026-04-26 23:35:05 +0000
Processing by Api::NotesController#index as */*
  [1m[36mNote Load (0.4ms)[0m  [1m[34mSELECT "notes".* FROM "notes" /*action='index',application='RailsSystemsLab',controller='notes'*/[0m
  ↳ app/controllers/api/notes_controller.rb:7:in `map'
  [1m[36mUser Load (0.2ms)[0m  [1m[34mSELECT "users".* FROM "users" WHERE "users"."id" = 1 /*action='index',application='RailsSystemsLab',controller='notes'*/[0m
  ↳ app/controllers/api/notes_controller.rb:7:in `map'
  [1m[36mComment Load (0.4ms)[0m  [1m[34mSELECT "comments".* FROM "comments" WHERE "comments"."note_id" IN (1, 2, 3) /*action='index',application='RailsSystemsLab',controller='notes'*/[0m
  ↳ app/controllers/api/notes_controller.rb:7:in `map'
Completed 200 OK in 7ms (Views: 0.1ms | ActiveRecord: 1.0ms (3 queries, 0 cached) | GC: 0.3ms)


Started GET "/api/notes" for 127.0.0.1 at 2026-04-26 23:35:05 +0000
Processing by Api::NotesController#index as */*
  [1m[36mNote Load (0.3ms)[0m  [1m[34mSELECT "notes".* FROM "notes" /*action='index',application='RailsSystemsLab',controller='notes'*/[0m
  ↳ app/controllers/api/notes_controller.rb:7:in `map'
  [1m[36mUser Load (0.4ms)[0m  [1m[34mSELECT "users".* FROM "users" WHERE "users"."id" = 1 /*action='index',application='RailsSystemsLab',controller='notes'*/[0m
  ↳ app/controllers/api/notes_controller.rb:7:in `map'
  [1m[36mComment Load (0.3ms)[0m  [1m[34mSELECT "comments".* FROM "comments" WHERE "comments"."note_id" IN (1, 2, 3) /*action='index',application='RailsSystemsLab',controller='notes'*/[0m
  ↳ app/controllers/api/notes_controller.rb:7:in `map'
Completed 200 OK in 6ms (Views: 0.1ms | ActiveRecord: 1.1ms (3 queries, 0 cached) | GC: 0.2ms)


Started GET "/api/notes" for 127.0.0.1 at 2026-04-26 23:35:11 +0000
Processing by Api::NotesController#index as */*
  [1m[36mNote Load (0.4ms)[0m  [1m[34mSELECT "notes".* FROM "notes" /*action='index',application='RailsSystemsLab',controller='notes'*/[0m
  ↳ app/controllers/api/notes_controller.rb:7:in `map'
  [1m[36mUser Load (0.4ms)[0m  [1m[34mSELECT "users".* FROM "users" WHERE "users"."id" = 1 /*action='index',application='RailsSystemsLab',controller='notes'*/[0m
  ↳ app/controllers/api/notes_controller.rb:7:in `map'
  [1m[36mComment Load (0.5ms)[0m  [1m[34mSELECT "comments".* FROM "comments" WHERE "comments"."note_id" IN (1, 2, 3) /*action='index',application='RailsSystemsLab',controller='notes'*/[0m
  ↳ app/controllers/api/notes_controller.rb:7:in `map'
Completed 200 OK in 7ms (Views: 0.4ms | ActiveRecord: 1.2ms (3 queries, 0 cached) | GC: 0.0ms)


Started GET "/api/notes" for 127.0.0.1 at 2026-04-26 23:35:11 +0000
Processing by Api::NotesController#index as */*
  [1m[36mNote Load (0.4ms)[0m  [1m[34mSELECT "notes".* FROM "notes" /*action='index',application='RailsSystemsLab',controller='notes'*/[0m
  ↳ app/controllers/api/notes_controller.rb:7:in `map'
  [1m[36mUser Load (0.2ms)[0m  [1m[34mSELECT "users".* FROM "users" WHERE "users"."id" = 1 /*action='index',application='RailsSystemsLab',controller='notes'*/[0m
  ↳ app/controllers/api/notes_controller.rb:7:in `map'
  [1m[36mComment Load (0.3ms)[0m  [1m[34mSELECT "comments".* FROM "comments" WHERE "comments"."note_id" IN (1, 2, 3) /*action='index',application='RailsSystemsLab',controller='notes'*/[0m
  ↳ app/controllers/api/notes_controller.rb:7:in `map'
Completed 200 OK in 5ms (Views: 0.1ms | ActiveRecord: 0.8ms (3 queries, 0 cached) | GC: 0.0ms)


Started GET "/api/notes" for 127.0.0.1 at 2026-04-26 23:35:14 +0000
Processing by Api::NotesController#index as */*
  [1m[36mNote Load (0.4ms)[0m  [1m[34mSELECT "notes".* FROM "notes" /*action='index',application='RailsSystemsLab',controller='notes'*/[0m
  ↳ app/controllers/api/notes_controller.rb:7:in `map'
  [1m[36mUser Load (0.4ms)[0m  [1m[34mSELECT "users".* FROM "users" WHERE "users"."id" = 1 /*action='index',application='RailsSystemsLab',controller='notes'*/[0m
  ↳ app/controllers/api/notes_controller.rb:7:in `map'
  [1m[36mComment Load (0.3ms)[0m  [1m[34mSELECT "comments".* FROM "comments" WHERE "comments"."note_id" IN (1, 2, 3) /*action='index',application='RailsSystemsLab',controller='notes'*/[0m
  ↳ app/controllers/api/notes_controller.rb:7:in `map'
Completed 200 OK in 28ms (Views: 0.1ms | ActiveRecord: 1.2ms (3 queries, 0 cached) | GC: 19.6ms)


Started GET "/api/notes" for 127.0.0.1 at 2026-04-26 23:35:14 +0000
Processing by Api::NotesController#index as */*
  [1m[36mNote Load (0.4ms)[0m  [1m[34mSELECT "notes".* FROM "notes" /*action='index',application='RailsSystemsLab',controller='notes'*/[0m
  ↳ app/controllers/api/notes_controller.rb:7:in `map'
  [1m[36mUser Load (0.4ms)[0m  [1m[34mSELECT "users".* FROM "users" WHERE "users"."id" = 1 /*action='index',application='RailsSystemsLab',controller='notes'*/[0m
  ↳ app/controllers/api/notes_controller.rb:7:in `map'
  [1m[36mComment Load (0.4ms)[0m  [1m[34mSELECT "comments".* FROM "comments" WHERE "comments"."note_id" IN (1, 2, 3) /*action='index',application='RailsSystemsLab',controller='notes'*/[0m
  ↳ app/controllers/api/notes_controller.rb:7:in `map'
Completed 200 OK in 8ms (Views: 0.1ms | ActiveRecord: 1.2ms (3 queries, 0 cached) | GC: 0.6ms)


Started GET "/api/notes" for 127.0.0.1 at 2026-04-26 23:35:16 +0000
Processing by Api::NotesController#index as */*
  [1m[36mNote Load (0.4ms)[0m  [1m[34mSELECT "notes".* FROM "notes" /*action='index',application='RailsSystemsLab',controller='notes'*/[0m
  ↳ app/controllers/api/notes_controller.rb:7:in `map'
  [1m[36mUser Load (0.3ms)[0m  [1m[34mSELECT "users".* FROM "users" WHERE "users"."id" = 1 /*action='index',application='RailsSystemsLab',controller='notes'*/[0m
  ↳ app/controllers/api/notes_controller.rb:7:in `map'
  [1m[36mComment Load (0.3ms)[0m  [1m[34mSELECT "comments".* FROM "comments" WHERE "comments"."note_id" IN (1, 2, 3) /*action='index',application='RailsSystemsLab',controller='notes'*/[0m
  ↳ app/controllers/api/notes_controller.rb:7:in `map'
Completed 200 OK in 7ms (Views: 0.1ms | ActiveRecord: 0.9ms (3 queries, 0 cached) | GC: 0.4ms)


Started GET "/api/notes" for 127.0.0.1 at 2026-04-26 23:35:16 +0000
Processing by Api::NotesController#index as */*
  [1m[36mNote Load (0.3ms)[0m  [1m[34mSELECT "notes".* FROM "notes" /*action='index',application='RailsSystemsLab',controller='notes'*/[0m
  ↳ app/controllers/api/notes_controller.rb:7:in `map'
  [1m[36mUser Load (0.3ms)[0m  [1m[34mSELECT "users".* FROM "users" WHERE "users"."id" = 1 /*action='index',application='RailsSystemsLab',controller='notes'*/[0m
  ↳ app/controllers/api/notes_controller.rb:7:in `map'
  [1m[36mComment Load (0.3ms)[0m  [1m[34mSELECT "comments".* FROM "comments" WHERE "comments"."note_id" IN (1, 2, 3) /*action='index',application='RailsSystemsLab',controller='notes'*/[0m
  ↳ app/controllers/api/notes_controller.rb:7:in `map'
Completed 200 OK in 6ms (Views: 0.1ms | ActiveRecord: 1.0ms (3 queries, 0 cached) | GC: 0.0ms)


Started GET "/api/notes" for 127.0.0.1 at 2026-04-26 23:35:17 +0000
Processing by Api::NotesController#index as */*
  [1m[36mNote Load (0.4ms)[0m  [1m[34mSELECT "notes".* FROM "notes" /*action='index',application='RailsSystemsLab',controller='notes'*/[0m
  ↳ app/controllers/api/notes_controller.rb:7:in `map'
  [1m[36mUser Load (0.3ms)[0m  [1m[34mSELECT "users".* FROM "users" WHERE "users"."id" = 1 /*action='index',application='RailsSystemsLab',controller='notes'*/[0m
  ↳ app/controllers/api/notes_controller.rb:7:in `map'
  [1m[36mComment Load (0.4ms)[0m  [1m[34mSELECT "comments".* FROM "comments" WHERE "comments"."note_id" IN (1, 2, 3) /*action='index',application='RailsSystemsLab',controller='notes'*/[0m
  ↳ app/controllers/api/notes_controller.rb:7:in `map'
Completed 200 OK in 7ms (Views: 0.8ms | ActiveRecord: 1.1ms (3 queries, 0 cached) | GC: 0.0ms)


Started GET "/api/notes" for 127.0.0.1 at 2026-04-26 23:35:17 +0000
Processing by Api::NotesController#index as */*
  [1m[36mNote Load (0.4ms)[0m  [1m[34mSELECT "notes".* FROM "notes" /*action='index',application='RailsSystemsLab',controller='notes'*/[0m
  ↳ app/controllers/api/notes_controller.rb:7:in `map'
  [1m[36mUser Load (0.3ms)[0m  [1m[34mSELECT "users".* FROM "users" WHERE "users"."id" = 1 /*action='index',application='RailsSystemsLab',controller='notes'*/[0m
  ↳ app/controllers/api/notes_controller.rb:7:in `map'
  [1m[36mComment Load (0.3ms)[0m  [1m[34mSELECT "comments".* FROM "comments" WHERE "comments"."note_id" IN (1, 2, 3) /*action='index',application='RailsSystemsLab',controller='notes'*/[0m
  ↳ app/controllers/api/notes_controller.rb:7:in `map'
Completed 200 OK in 8ms (Views: 0.1ms | ActiveRecord: 1.0ms (3 queries, 0 cached) | GC: 0.8ms)


Started POST "/api/notes" for 127.0.0.1 at 2026-04-26 23:35:29 +0000
Processing by Api::NotesController#create as */*
  Parameters: {"note"=>{"title"=>"Test agajn", "body"=>"Still trying to delete this message "}}
HTTP Origin header (http://127.0.0.1:5173) didn't match request.base_url (http://127.0.0.1:3000)
  [1m[36mTRANSACTION (0.6ms)[0m  [1m[35mBEGIN immediate TRANSACTION /*action='create',application='RailsSystemsLab',controller='notes'*/[0m
  ↳ app/controllers/api/notes_controller.rb:19:in `create'
  [1m[36mNote Create (2.7ms)[0m  [1m[32mINSERT INTO "notes" ("title", "body", "status", "created_at", "updated_at", "user_id", "score") VALUES ('Test agajn', 'Still trying to delete this message ', 'Pending', '2026-04-26 23:35:29.930248', '2026-04-26 23:35:29.930248', NULL, 0) RETURNING "id" /*action='create',application='RailsSystemsLab',controller='notes'*/[0m
  ↳ app/controllers/api/notes_controller.rb:19:in `create'
  [1m[36mTRANSACTION (9.9ms)[0m  [1m[35mCOMMIT TRANSACTION /*action='create',application='RailsSystemsLab',controller='notes'*/[0m
  ↳ app/controllers/api/notes_controller.rb:19:in `create'
  [1m[36mComment Load (1.1ms)[0m  [1m[34mSELECT "comments".* FROM "comments" WHERE "comments"."note_id" = 4 /*action='create',application='RailsSystemsLab',controller='notes'*/[0m
  ↳ app/controllers/api/notes_controller.rb:49:in `map'
Completed 201 Created in 23ms (Views: 0.1ms | ActiveRecord: 14.3ms (2 queries, 0 cached) | GC: 0.0ms)


Started GET "/api/notes" for 127.0.0.1 at 2026-04-26 23:35:29 +0000
Processing by Api::NotesController#index as */*
  [1m[36mNote Load (0.3ms)[0m  [1m[34mSELECT "notes".* FROM "notes" /*action='index',application='RailsSystemsLab',controller='notes'*/[0m
  ↳ app/controllers/api/notes_controller.rb:7:in `map'
  [1m[36mUser Load (0.2ms)[0m  [1m[34mSELECT "users".* FROM "users" WHERE "users"."id" = 1 /*action='index',application='RailsSystemsLab',controller='notes'*/[0m
  ↳ app/controllers/api/notes_controller.rb:7:in `map'
  [1m[36mComment Load (0.2ms)[0m  [1m[34mSELECT "comments".* FROM "comments" WHERE "comments"."note_id" IN (1, 2, 3, 4) /*action='index',application='RailsSystemsLab',controller='notes'*/[0m
  ↳ app/controllers/api/notes_controller.rb:7:in `map'
Completed 200 OK in 5ms (Views: 0.1ms | ActiveRecord: 0.7ms (3 queries, 0 cached) | GC: 0.0ms)


Started GET "/api/notes" for 127.0.0.1 at 2026-04-26 23:35:33 +0000
Processing by Api::NotesController#index as */*
  [1m[36mNote Load (0.5ms)[0m  [1m[34mSELECT "notes".* FROM "notes" /*action='index',application='RailsSystemsLab',controller='notes'*/[0m
  ↳ app/controllers/api/notes_controller.rb:7:in `map'
  [1m[36mUser Load (0.3ms)[0m  [1m[34mSELECT "users".* FROM "users" WHERE "users"."id" = 1 /*action='index',application='RailsSystemsLab',controller='notes'*/[0m
  ↳ app/controllers/api/notes_controller.rb:7:in `map'
  [1m[36mComment Load (0.3ms)[0m  [1m[34mSELECT "comments".* FROM "comments" WHERE "comments"."note_id" IN (1, 2, 3, 4) /*action='index',application='RailsSystemsLab',controller='notes'*/[0m
  ↳ app/controllers/api/notes_controller.rb:7:in `map'
Completed 200 OK in 21ms (Views: 0.1ms | ActiveRecord: 1.1ms (3 queries, 0 cached) | GC: 13.9ms)


Started GET "/api/notes" for 127.0.0.1 at 2026-04-26 23:35:33 +0000
Processing by Api::NotesController#index as */*
  [1m[36mNote Load (0.3ms)[0m  [1m[34mSELECT "notes".* FROM "notes" /*action='index',application='RailsSystemsLab',controller='notes'*/[0m
  ↳ app/controllers/api/notes_controller.rb:7:in `map'
  [1m[36mUser Load (0.2ms)[0m  [1m[34mSELECT "users".* FROM "users" WHERE "users"."id" = 1 /*action='index',application='RailsSystemsLab',controller='notes'*/[0m
  ↳ app/controllers/api/notes_controller.rb:7:in `map'
  [1m[36mComment Load (0.2ms)[0m  [1m[34mSELECT "comments".* FROM "comments" WHERE "comments"."note_id" IN (1, 2, 3, 4) /*action='index',application='RailsSystemsLab',controller='notes'*/[0m
  ↳ app/controllers/api/notes_controller.rb:7:in `map'
Completed 200 OK in 7ms (Views: 0.1ms | ActiveRecord: 0.7ms (3 queries, 0 cached) | GC: 0.6ms)


Started GET "/api/notes" for 127.0.0.1 at 2026-04-26 23:35:47 +0000
Processing by Api::NotesController#index as */*
  [1m[36mNote Load (0.3ms)[0m  [1m[34mSELECT "notes".* FROM "notes" /*action='index',application='RailsSystemsLab',controller='notes'*/[0m
  ↳ app/controllers/api/notes_controller.rb:7:in `map'
  [1m[36mUser Load (0.2ms)[0m  [1m[34mSELECT "users".* FROM "users" WHERE "users"."id" = 1 /*action='index',application='RailsSystemsLab',controller='notes'*/[0m
  ↳ app/controllers/api/notes_controller.rb:7:in `map'
  [1m[36mComment Load (0.2ms)[0m  [1m[34mSELECT "comments".* FROM "comments" WHERE "comments"."note_id" IN (1, 2, 3, 4) /*action='index',application='RailsSystemsLab',controller='notes'*/[0m
  ↳ app/controllers/api/notes_controller.rb:7:in `map'
Completed 200 OK in 6ms (Views: 0.1ms | ActiveRecord: 0.7ms (3 queries, 0 cached) | GC: 0.4ms)


Started GET "/api/notes" for 127.0.0.1 at 2026-04-26 23:35:47 +0000
Processing by Api::NotesController#index as */*
  [1m[36mNote Load (0.2ms)[0m  [1m[34mSELECT "notes".* FROM "notes" /*action='index',application='RailsSystemsLab',controller='notes'*/[0m
  ↳ app/controllers/api/notes_controller.rb:7:in `map'
  [1m[36mUser Load (0.2ms)[0m  [1m[34mSELECT "users".* FROM "users" WHERE "users"."id" = 1 /*action='index',application='RailsSystemsLab',controller='notes'*/[0m
  ↳ app/controllers/api/notes_controller.rb:7:in `map'
  [1m[36mComment Load (0.2ms)[0m  [1m[34mSELECT "comments".* FROM "comments" WHERE "comments"."note_id" IN (1, 2, 3, 4) /*action='index',application='RailsSystemsLab',controller='notes'*/[0m
  ↳ app/controllers/api/notes_controller.rb:7:in `map'
Completed 200 OK in 5ms (Views: 0.1ms | ActiveRecord: 0.7ms (3 queries, 0 cached) | GC: 0.0ms)


Started POST "/api/notes" for 127.0.0.1 at 2026-04-26 23:36:43 +0000
  [1m[36mActiveRecord::SchemaMigration Load (0.8ms)[0m  [1m[34mSELECT "schema_migrations"."version" FROM "schema_migrations" ORDER BY "schema_migrations"."version" ASC /*application='RailsSystemsLab'*/[0m
Processing by Api::NotesController#create as */*
  Parameters: {"note"=>{"title"=>"Hey there", "body"=>"Testing"}}
HTTP Origin header (http://127.0.0.1:5173) didn't match request.base_url (http://127.0.0.1:3000)
Completed 422 Unprocessable Content in 128ms (Views: 0.2ms | ActiveRecord: 9.9ms (0 queries, 0 cached) | GC: 24.5ms)


Started GET "/api/notes" for 127.0.0.1 at 2026-04-26 23:36:43 +0000
Processing by Api::NotesController#index as */*
  [1m[36mNote Load (0.7ms)[0m  [1m[34mSELECT "notes".* FROM "notes" /*action='index',application='RailsSystemsLab',controller='notes'*/[0m
  ↳ app/controllers/api/notes_controller.rb:7:in `map'
  [1m[36mUser Load (0.3ms)[0m  [1m[34mSELECT "users".* FROM "users" WHERE "users"."id" = 1 /*action='index',application='RailsSystemsLab',controller='notes'*/[0m
  ↳ app/controllers/api/notes_controller.rb:7:in `map'
  [1m[36mComment Load (0.4ms)[0m  [1m[34mSELECT "comments".* FROM "comments" WHERE "comments"."note_id" IN (1, 2, 3, 4) /*action='index',application='RailsSystemsLab',controller='notes'*/[0m
  ↳ app/controllers/api/notes_controller.rb:7:in `map'
Completed 200 OK in 99ms (Views: 0.2ms | ActiveRecord: 4.4ms (3 queries, 0 cached) | GC: 2.1ms)


Started GET "/api/notes" for 127.0.0.1 at 2026-04-26 23:36:46 +0000
Processing by Api::NotesController#index as */*
  [1m[36mNote Load (0.5ms)[0m  [1m[34mSELECT "notes".* FROM "notes" /*action='index',application='RailsSystemsLab',controller='notes'*/[0m
  ↳ app/controllers/api/notes_controller.rb:7:in `map'
  [1m[36mUser Load (0.4ms)[0m  [1m[34mSELECT "users".* FROM "users" WHERE "users"."id" = 1 /*action='index',application='RailsSystemsLab',controller='notes'*/[0m
  ↳ app/controllers/api/notes_controller.rb:7:in `map'
  [1m[36mComment Load (0.4ms)[0m  [1m[34mSELECT "comments".* FROM "comments" WHERE "comments"."note_id" IN (1, 2, 3, 4) /*action='index',application='RailsSystemsLab',controller='notes'*/[0m
  ↳ app/controllers/api/notes_controller.rb:7:in `map'
Completed 200 OK in 8ms (Views: 0.2ms | ActiveRecord: 1.2ms (3 queries, 0 cached) | GC: 0.0ms)


Started GET "/api/notes" for 127.0.0.1 at 2026-04-26 23:36:46 +0000
Processing by Api::NotesController#index as */*
  [1m[36mNote Load (0.3ms)[0m  [1m[34mSELECT "notes".* FROM "notes" /*action='index',application='RailsSystemsLab',controller='notes'*/[0m
  ↳ app/controllers/api/notes_controller.rb:7:in `map'
  [1m[36mUser Load (0.4ms)[0m  [1m[34mSELECT "users".* FROM "users" WHERE "users"."id" = 1 /*action='index',application='RailsSystemsLab',controller='notes'*/[0m
  ↳ app/controllers/api/notes_controller.rb:7:in `map'
  [1m[36mComment Load (0.4ms)[0m  [1m[34mSELECT "comments".* FROM "comments" WHERE "comments"."note_id" IN (1, 2, 3, 4) /*action='index',application='RailsSystemsLab',controller='notes'*/[0m
  ↳ app/controllers/api/notes_controller.rb:7:in `map'
Completed 200 OK in 6ms (Views: 0.1ms | ActiveRecord: 1.1ms (3 queries, 0 cached) | GC: 0.1ms)


Started DELETE "/api/notes/1" for 127.0.0.1 at 2026-04-26 23:36:48 +0000
Processing by Api::NotesController#destroy as */*
  Parameters: {"id"=>"1"}
HTTP Origin header (http://127.0.0.1:5173) didn't match request.base_url (http://127.0.0.1:3000)
  [1m[36mNote Load (0.6ms)[0m  [1m[34mSELECT "notes".* FROM "notes" WHERE "notes"."id" = 1 LIMIT 1 /*action='destroy',application='RailsSystemsLab',controller='notes'*/[0m
  ↳ app/controllers/api/notes_controller.rb:27:in `destroy'
  [1m[36mTRANSACTION (0.4ms)[0m  [1m[35mBEGIN immediate TRANSACTION /*action='destroy',application='RailsSystemsLab',controller='notes'*/[0m
  ↳ app/controllers/api/notes_controller.rb:28:in `destroy'
  [1m[36mComment Load (2.8ms)[0m  [1m[34mSELECT "comments".* FROM "comments" WHERE "comments"."note_id" = 1 /*action='destroy',application='RailsSystemsLab',controller='notes'*/[0m
  ↳ app/controllers/api/notes_controller.rb:28:in `destroy'
  [1m[36mNote Destroy (2.3ms)[0m  [1m[31mDELETE FROM "notes" WHERE "notes"."id" = 1 /*action='destroy',application='RailsSystemsLab',controller='notes'*/[0m
  ↳ app/controllers/api/notes_controller.rb:28:in `destroy'
  [1m[36mTRANSACTION (6.3ms)[0m  [1m[35mCOMMIT TRANSACTION /*action='destroy',application='RailsSystemsLab',controller='notes'*/[0m
  ↳ app/controllers/api/notes_controller.rb:28:in `destroy'
Completed 204 No Content in 29ms (ActiveRecord: 12.4ms (3 queries, 0 cached) | GC: 1.8ms)


Started GET "/api/notes" for 127.0.0.1 at 2026-04-26 23:36:48 +0000
Processing by Api::NotesController#index as */*
  [1m[36mNote Load (0.5ms)[0m  [1m[34mSELECT "notes".* FROM "notes" /*action='index',application='RailsSystemsLab',controller='notes'*/[0m
  ↳ app/controllers/api/notes_controller.rb:7:in `map'
  [1m[36mUser Load (0.3ms)[0m  [1m[34mSELECT "users".* FROM "users" WHERE "users"."id" = 1 /*action='index',application='RailsSystemsLab',controller='notes'*/[0m
  ↳ app/controllers/api/notes_controller.rb:7:in `map'
  [1m[36mComment Load (0.3ms)[0m  [1m[34mSELECT "comments".* FROM "comments" WHERE "comments"."note_id" IN (2, 3, 4) /*action='index',application='RailsSystemsLab',controller='notes'*/[0m
  ↳ app/controllers/api/notes_controller.rb:7:in `map'
Completed 200 OK in 15ms (Views: 0.1ms | ActiveRecord: 1.1ms (3 queries, 0 cached) | GC: 7.1ms)


Started GET "/api/notes" for 127.0.0.1 at 2026-04-26 23:36:49 +0000
Processing by Api::NotesController#index as */*
  [1m[36mNote Load (0.3ms)[0m  [1m[34mSELECT "notes".* FROM "notes" /*action='index',application='RailsSystemsLab',controller='notes'*/[0m
  ↳ app/controllers/api/notes_controller.rb:7:in `map'
  [1m[36mUser Load (0.3ms)[0m  [1m[34mSELECT "users".* FROM "users" WHERE "users"."id" = 1 /*action='index',application='RailsSystemsLab',controller='notes'*/[0m
  ↳ app/controllers/api/notes_controller.rb:7:in `map'
  [1m[36mComment Load (1.5ms)[0m  [1m[34mSELECT "comments".* FROM "comments" WHERE "comments"."note_id" IN (2, 3, 4) /*action='index',application='RailsSystemsLab',controller='notes'*/[0m
  ↳ app/controllers/api/notes_controller.rb:7:in `map'
Completed 200 OK in 18ms (Views: 0.1ms | ActiveRecord: 2.1ms (3 queries, 0 cached) | GC: 10.6ms)


Started GET "/api/notes" for 127.0.0.1 at 2026-04-26 23:36:49 +0000
Processing by Api::NotesController#index as */*
  [1m[36mNote Load (1.7ms)[0m  [1m[34mSELECT "notes".* FROM "notes" /*action='index',application='RailsSystemsLab',controller='notes'*/[0m
  ↳ app/controllers/api/notes_controller.rb:7:in `map'
  [1m[36mUser Load (0.3ms)[0m  [1m[34mSELECT "users".* FROM "users" WHERE "users"."id" = 1 /*action='index',application='RailsSystemsLab',controller='notes'*/[0m
  ↳ app/controllers/api/notes_controller.rb:7:in `map'
  [1m[36mComment Load (1.1ms)[0m  [1m[34mSELECT "comments".* FROM "comments" WHERE "comments"."note_id" IN (2, 3, 4) /*action='index',application='RailsSystemsLab',controller='notes'*/[0m
  ↳ app/controllers/api/notes_controller.rb:7:in `map'
Completed 200 OK in 33ms (Views: 0.1ms | ActiveRecord: 3.0ms (3 queries, 0 cached) | GC: 24.4ms)


Started GET "/api/notes" for 127.0.0.1 at 2026-04-26 23:38:18 +0000
  [1m[36mActiveRecord::SchemaMigration Load (0.9ms)[0m  [1m[34mSELECT "schema_migrations"."version" FROM "schema_migrations" ORDER BY "schema_migrations"."version" ASC /*application='RailsSystemsLab'*/[0m
Processing by Api::NotesController#index as */*
  Rendering public/406-unsupported-browser.html
  Rendered public/406-unsupported-browser.html (Duration: 0.5ms | GC: 0.0ms)
Filter chain halted as #<Proc:0x000000780095e890 /var/lib/gems/3.3.0/gems/actionpack-8.1.3/lib/action_controller/metal/allow_browser.rb:58 (lambda)> rendered or redirected
Completed 406 Not Acceptable in 99ms (Views: 18.8ms | ActiveRecord: 0.0ms (0 queries, 0 cached) | GC: 0.0ms)


Started GET "/api/notes" for 127.0.0.1 at 2026-04-26 23:38:19 +0000
Processing by Api::NotesController#index as */*
  Rendering public/406-unsupported-browser.html
  Rendered public/406-unsupported-browser.html (Duration: 0.3ms | GC: 0.0ms)
Filter chain halted as #<Proc:0x000000780095e890 /var/lib/gems/3.3.0/gems/actionpack-8.1.3/lib/action_controller/metal/allow_browser.rb:58 (lambda)> rendered or redirected
Completed 406 Not Acceptable in 3ms (Views: 1.1ms | ActiveRecord: 0.0ms (0 queries, 0 cached) | GC: 0.0ms)


Started GET "/api/notes" for 127.0.0.1 at 2026-04-26 23:38:22 +0000
Processing by Api::NotesController#index as */*
  [1m[36mNote Load (3.6ms)[0m  [1m[34mSELECT "notes".* FROM "notes" /*action='index',application='RailsSystemsLab',controller='notes'*/[0m
  ↳ app/controllers/api/notes_controller.rb:7:in `map'
  [1m[36mUser Load (0.4ms)[0m  [1m[34mSELECT "users".* FROM "users" WHERE "users"."id" = 1 /*action='index',application='RailsSystemsLab',controller='notes'*/[0m
  ↳ app/controllers/api/notes_controller.rb:7:in `map'
  [1m[36mComment Load (0.3ms)[0m  [1m[34mSELECT "comments".* FROM "comments" WHERE "comments"."note_id" IN (2, 3, 4) /*action='index',application='RailsSystemsLab',controller='notes'*/[0m
  ↳ app/controllers/api/notes_controller.rb:7:in `map'
Completed 200 OK in 111ms (Views: 0.1ms | ActiveRecord: 10.2ms (3 queries, 0 cached) | GC: 19.8ms)


Started GET "/api/notes" for 127.0.0.1 at 2026-04-26 23:38:23 +0000
Processing by Api::NotesController#index as */*
  [1m[36mNote Load (0.4ms)[0m  [1m[34mSELECT "notes".* FROM "notes" /*action='index',application='RailsSystemsLab',controller='notes'*/[0m
  ↳ app/controllers/api/notes_controller.rb:7:in `map'
  [1m[36mUser Load (0.3ms)[0m  [1m[34mSELECT "users".* FROM "users" WHERE "users"."id" = 1 /*action='index',application='RailsSystemsLab',controller='notes'*/[0m
  ↳ app/controllers/api/notes_controller.rb:7:in `map'
  [1m[36mComment Load (0.3ms)[0m  [1m[34mSELECT "comments".* FROM "comments" WHERE "comments"."note_id" IN (2, 3, 4) /*action='index',application='RailsSystemsLab',controller='notes'*/[0m
  ↳ app/controllers/api/notes_controller.rb:7:in `map'
Completed 200 OK in 5ms (Views: 0.1ms | ActiveRecord: 0.9ms (3 queries, 0 cached) | GC: 0.0ms)


Started GET "/api/notes" for 127.0.0.1 at 2026-04-26 23:38:24 +0000
Processing by Api::NotesController#index as */*
  [1m[36mNote Load (0.4ms)[0m  [1m[34mSELECT "notes".* FROM "notes" /*action='index',application='RailsSystemsLab',controller='notes'*/[0m
  ↳ app/controllers/api/notes_controller.rb:7:in `map'
  [1m[36mUser Load (0.3ms)[0m  [1m[34mSELECT "users".* FROM "users" WHERE "users"."id" = 1 /*action='index',application='RailsSystemsLab',controller='notes'*/[0m
  ↳ app/controllers/api/notes_controller.rb:7:in `map'
  [1m[36mComment Load (0.4ms)[0m  [1m[34mSELECT "comments".* FROM "comments" WHERE "comments"."note_id" IN (2, 3, 4) /*action='index',application='RailsSystemsLab',controller='notes'*/[0m
  ↳ app/controllers/api/notes_controller.rb:7:in `map'
Completed 200 OK in 6ms (Views: 0.1ms | ActiveRecord: 1.1ms (3 queries, 0 cached) | GC: 0.0ms)


Started GET "/api/notes" for 127.0.0.1 at 2026-04-26 23:38:24 +0000
Processing by Api::NotesController#index as */*
  [1m[36mNote Load (0.4ms)[0m  [1m[34mSELECT "notes".* FROM "notes" /*action='index',application='RailsSystemsLab',controller='notes'*/[0m
  ↳ app/controllers/api/notes_controller.rb:7:in `map'
  [1m[36mUser Load (0.3ms)[0m  [1m[34mSELECT "users".* FROM "users" WHERE "users"."id" = 1 /*action='index',application='RailsSystemsLab',controller='notes'*/[0m
  ↳ app/controllers/api/notes_controller.rb:7:in `map'
  [1m[36mComment Load (0.4ms)[0m  [1m[34mSELECT "comments".* FROM "comments" WHERE "comments"."note_id" IN (2, 3, 4) /*action='index',application='RailsSystemsLab',controller='notes'*/[0m
  ↳ app/controllers/api/notes_controller.rb:7:in `map'
Completed 200 OK in 9ms (Views: 0.1ms | ActiveRecord: 1.1ms (3 queries, 0 cached) | GC: 2.7ms)


Started PATCH "/api/notes/2" for 127.0.0.1 at 2026-04-26 23:38:37 +0000
Processing by Api::NotesController#update as */*
  Parameters: {"note"=>{"title"=>"Test", "body"=>"This is urgent fix immediatelyy"}, "id"=>"2"}
HTTP Origin header (http://127.0.0.1:5173) didn't match request.base_url (http://127.0.0.1:3000)
  [1m[36mNote Load (1.3ms)[0m  [1m[34mSELECT "notes".* FROM "notes" WHERE "notes"."id" = 2 LIMIT 1 /*action='update',application='RailsSystemsLab',controller='notes'*/[0m
  ↳ app/controllers/api/notes_controller.rb:27:in `update'
  [1m[36mTRANSACTION (0.3ms)[0m  [1m[35mBEGIN immediate TRANSACTION /*action='update',application='RailsSystemsLab',controller='notes'*/[0m
  ↳ app/controllers/api/notes_controller.rb:28:in `update'
  [1m[36mNote Update (2.9ms)[0m  [1m[33mUPDATE "notes" SET "body" = 'This is urgent fix immediatelyy', "updated_at" = '2026-04-26 23:38:37.897974' WHERE "notes"."id" = 2 /*action='update',application='RailsSystemsLab',controller='notes'*/[0m
  ↳ app/controllers/api/notes_controller.rb:28:in `update'
  [1m[36mTRANSACTION (7.1ms)[0m  [1m[35mCOMMIT TRANSACTION /*action='update',application='RailsSystemsLab',controller='notes'*/[0m
  ↳ app/controllers/api/notes_controller.rb:28:in `update'
  [1m[36mComment Load (0.4ms)[0m  [1m[34mSELECT "comments".* FROM "comments" WHERE "comments"."note_id" = 2 /*action='update',application='RailsSystemsLab',controller='notes'*/[0m
  ↳ app/controllers/api/notes_controller.rb:58:in `map'
Completed 200 OK in 41ms (Views: 0.1ms | ActiveRecord: 11.9ms (3 queries, 0 cached) | GC: 17.1ms)


Started GET "/api/notes" for 127.0.0.1 at 2026-04-26 23:38:37 +0000
Processing by Api::NotesController#index as */*
  [1m[36mNote Load (1.2ms)[0m  [1m[34mSELECT "notes".* FROM "notes" /*action='index',application='RailsSystemsLab',controller='notes'*/[0m
  ↳ app/controllers/api/notes_controller.rb:7:in `map'
  [1m[36mUser Load (0.3ms)[0m  [1m[34mSELECT "users".* FROM "users" WHERE "users"."id" = 1 /*action='index',application='RailsSystemsLab',controller='notes'*/[0m
  ↳ app/controllers/api/notes_controller.rb:7:in `map'
  [1m[36mComment Load (0.3ms)[0m  [1m[34mSELECT "comments".* FROM "comments" WHERE "comments"."note_id" IN (2, 3, 4) /*action='index',application='RailsSystemsLab',controller='notes'*/[0m
  ↳ app/controllers/api/notes_controller.rb:7:in `map'
Completed 200 OK in 27ms (Views: 1.6ms | ActiveRecord: 1.8ms (3 queries, 0 cached) | GC: 19.4ms)


  [1m[36mActiveRecord::InternalMetadata Load (0.6ms)[0m  [1m[34mSELECT * FROM "ar_internal_metadata" WHERE "ar_internal_metadata"."key" = 'environment' ORDER BY "ar_internal_metadata"."key" ASC LIMIT 1 /*application='RailsSystemsLab'*/[0m
  [1m[36mActiveRecord::SchemaMigration Load (0.1ms)[0m  [1m[34mSELECT "schema_migrations"."version" FROM "schema_migrations" ORDER BY "schema_migrations"."version" ASC /*application='RailsSystemsLab'*/[0m
  [1m[36mActiveRecord::SchemaMigration Load (0.0ms)[0m  [1m[34mSELECT "schema_migrations"."version" FROM "schema_migrations" ORDER BY "schema_migrations"."version" ASC /*application='RailsSystemsLab'*/[0m
Started GET "/api/notes" for 127.0.0.1 at 2026-04-26 20:21:42 -0400
  [1m[36mActiveRecord::SchemaMigration Load (1.2ms)[0m  [1m[34mSELECT "schema_migrations"."version" FROM "schema_migrations" ORDER BY "schema_migrations"."version" ASC /*application='RailsSystemsLab'*/[0m
Processing by Api::NotesController#index as */*
  [1m[36mNote Load (0.8ms)[0m  [1m[34mSELECT "notes".* FROM "notes" /*action='index',application='RailsSystemsLab',controller='notes'*/[0m
  ↳ app/controllers/api/notes_controller.rb:7:in `map'
  [1m[36mUser Load (0.2ms)[0m  [1m[34mSELECT "users".* FROM "users" WHERE "users"."id" = 1 /*action='index',application='RailsSystemsLab',controller='notes'*/[0m
  ↳ app/controllers/api/notes_controller.rb:7:in `map'
  [1m[36mComment Load (0.2ms)[0m  [1m[34mSELECT "comments".* FROM "comments" WHERE "comments"."note_id" IN (2, 3, 4) /*action='index',application='RailsSystemsLab',controller='notes'*/[0m
  ↳ app/controllers/api/notes_controller.rb:7:in `map'
Completed 200 OK in 90ms (Views: 0.2ms | ActiveRecord: 2.7ms (3 queries, 0 cached) | GC: 10.1ms)


Started GET "/api/notes" for 127.0.0.1 at 2026-04-26 20:21:42 -0400
Processing by Api::NotesController#index as */*
  [1m[36mNote Load (0.2ms)[0m  [1m[34mSELECT "notes".* FROM "notes" /*action='index',application='RailsSystemsLab',controller='notes'*/[0m
  ↳ app/controllers/api/notes_controller.rb:7:in `map'
  [1m[36mUser Load (0.1ms)[0m  [1m[34mSELECT "users".* FROM "users" WHERE "users"."id" = 1 /*action='index',application='RailsSystemsLab',controller='notes'*/[0m
  ↳ app/controllers/api/notes_controller.rb:7:in `map'
  [1m[36mComment Load (0.2ms)[0m  [1m[34mSELECT "comments".* FROM "comments" WHERE "comments"."note_id" IN (2, 3, 4) /*action='index',application='RailsSystemsLab',controller='notes'*/[0m
  ↳ app/controllers/api/notes_controller.rb:7:in `map'
Completed 200 OK in 5ms (Views: 0.1ms | ActiveRecord: 0.5ms (3 queries, 0 cached) | GC: 0.7ms)


Started GET "/api/notes" for 127.0.0.1 at 2026-04-26 20:28:47 -0400
  [1m[36mActiveRecord::SchemaMigration Load (0.3ms)[0m  [1m[34mSELECT "schema_migrations"."version" FROM "schema_migrations" ORDER BY "schema_migrations"."version" ASC /*application='RailsSystemsLab'*/[0m
Processing by Api::NotesController#index as */*
  [1m[36mNote Load (1.4ms)[0m  [1m[34mSELECT "notes".* FROM "notes" /*action='index',application='RailsSystemsLab',controller='notes'*/[0m
  ↳ app/controllers/api/notes_controller.rb:7:in `map'
  [1m[36mUser Load (0.1ms)[0m  [1m[34mSELECT "users".* FROM "users" WHERE "users"."id" = 1 /*action='index',application='RailsSystemsLab',controller='notes'*/[0m
  ↳ app/controllers/api/notes_controller.rb:7:in `map'
  [1m[36mComment Load (0.2ms)[0m  [1m[34mSELECT "comments".* FROM "comments" WHERE "comments"."note_id" IN (2, 3, 4) /*action='index',application='RailsSystemsLab',controller='notes'*/[0m
  ↳ app/controllers/api/notes_controller.rb:7:in `map'
Completed 200 OK in 75ms (Views: 0.2ms | ActiveRecord: 3.6ms (3 queries, 0 cached) | GC: 14.2ms)


Started GET "/api/notes" for 127.0.0.1 at 2026-04-26 20:28:47 -0400
Processing by Api::NotesController#index as */*
  [1m[36mNote Load (0.2ms)[0m  [1m[34mSELECT "notes".* FROM "notes" /*action='index',application='RailsSystemsLab',controller='notes'*/[0m
  ↳ app/controllers/api/notes_controller.rb:7:in `map'
  [1m[36mUser Load (0.2ms)[0m  [1m[34mSELECT "users".* FROM "users" WHERE "users"."id" = 1 /*action='index',application='RailsSystemsLab',controller='notes'*/[0m
  ↳ app/controllers/api/notes_controller.rb:7:in `map'
  [1m[36mComment Load (0.2ms)[0m  [1m[34mSELECT "comments".* FROM "comments" WHERE "comments"."note_id" IN (2, 3, 4) /*action='index',application='RailsSystemsLab',controller='notes'*/[0m
  ↳ app/controllers/api/notes_controller.rb:7:in `map'
Completed 200 OK in 6ms (Views: 0.1ms | ActiveRecord: 0.6ms (3 queries, 0 cached) | GC: 0.8ms)


Started GET "/api/notes" for 127.0.0.1 at 2026-04-26 20:29:43 -0400
Processing by Api::NotesController#index as HTML
  [1m[36mNote Load (0.2ms)[0m  [1m[34mSELECT "notes".* FROM "notes" /*action='index',application='RailsSystemsLab',controller='notes'*/[0m
  ↳ app/controllers/api/notes_controller.rb:7:in `map'
  [1m[36mUser Load (0.1ms)[0m  [1m[34mSELECT "users".* FROM "users" WHERE "users"."id" = 1 /*action='index',application='RailsSystemsLab',controller='notes'*/[0m
  ↳ app/controllers/api/notes_controller.rb:7:in `map'
  [1m[36mComment Load (0.2ms)[0m  [1m[34mSELECT "comments".* FROM "comments" WHERE "comments"."note_id" IN (2, 3, 4) /*action='index',application='RailsSystemsLab',controller='notes'*/[0m
  ↳ app/controllers/api/notes_controller.rb:7:in `map'
Completed 200 OK in 4ms (Views: 0.1ms | ActiveRecord: 0.4ms (3 queries, 0 cached) | GC: 0.1ms)


Started GET "/favicon.ico" for 127.0.0.1 at 2026-04-26 20:29:43 -0400
  
ActionController::RoutingError (No route matches [GET] "/favicon.ico"):
  
Started GET "/api/notes" for 127.0.0.1 at 2026-04-26 20:30:52 -0400
  [1m[36mActiveRecord::SchemaMigration Load (0.2ms)[0m  [1m[34mSELECT "schema_migrations"."version" FROM "schema_migrations" ORDER BY "schema_migrations"."version" ASC /*application='RailsSystemsLab'*/[0m
Processing by Api::NotesController#index as HTML
  [1m[36mNote Load (1.9ms)[0m  [1m[34mSELECT "notes".* FROM "notes" /*action='index',application='RailsSystemsLab',controller='notes'*/[0m
  ↳ app/controllers/api/notes_controller.rb:7:in `map'
  [1m[36mUser Load (0.1ms)[0m  [1m[34mSELECT "users".* FROM "users" WHERE "users"."id" = 1 /*action='index',application='RailsSystemsLab',controller='notes'*/[0m
  ↳ app/controllers/api/notes_controller.rb:7:in `map'
  [1m[36mComment Load (0.2ms)[0m  [1m[34mSELECT "comments".* FROM "comments" WHERE "comments"."note_id" IN (2, 3, 4) /*action='index',application='RailsSystemsLab',controller='notes'*/[0m
  ↳ app/controllers/api/notes_controller.rb:7:in `map'
Completed 200 OK in 90ms (Views: 0.2ms | ActiveRecord: 4.7ms (3 queries, 0 cached) | GC: 45.9ms)


Started GET "/api/notes" for 127.0.0.1 at 2026-04-26 20:31:09 -0400
Processing by Api::NotesController#index as */*
  [1m[36mNote Load (0.2ms)[0m  [1m[34mSELECT "notes".* FROM "notes" /*action='index',application='RailsSystemsLab',controller='notes'*/[0m
  ↳ app/controllers/api/notes_controller.rb:7:in `map'
  [1m[36mUser Load (0.2ms)[0m  [1m[34mSELECT "users".* FROM "users" WHERE "users"."id" = 1 /*action='index',application='RailsSystemsLab',controller='notes'*/[0m
  ↳ app/controllers/api/notes_controller.rb:7:in `map'
  [1m[36mComment Load (0.2ms)[0m  [1m[34mSELECT "comments".* FROM "comments" WHERE "comments"."note_id" IN (2, 3, 4) /*action='index',application='RailsSystemsLab',controller='notes'*/[0m
  ↳ app/controllers/api/notes_controller.rb:7:in `map'
Completed 200 OK in 7ms (Views: 0.1ms | ActiveRecord: 0.6ms (3 queries, 0 cached) | GC: 0.5ms)


Started GET "/api/notes" for 127.0.0.1 at 2026-04-26 20:31:09 -0400
Processing by Api::NotesController#index as */*
  [1m[36mNote Load (0.2ms)[0m  [1m[34mSELECT "notes".* FROM "notes" /*action='index',application='RailsSystemsLab',controller='notes'*/[0m
  ↳ app/controllers/api/notes_controller.rb:7:in `map'
  [1m[36mUser Load (0.2ms)[0m  [1m[34mSELECT "users".* FROM "users" WHERE "users"."id" = 1 /*action='index',application='RailsSystemsLab',controller='notes'*/[0m
  ↳ app/controllers/api/notes_controller.rb:7:in `map'
  [1m[36mComment Load (0.3ms)[0m  [1m[34mSELECT "comments".* FROM "comments" WHERE "comments"."note_id" IN (2, 3, 4) /*action='index',application='RailsSystemsLab',controller='notes'*/[0m
  ↳ app/controllers/api/notes_controller.rb:7:in `map'
Completed 200 OK in 7ms (Views: 0.1ms | ActiveRecord: 0.7ms (3 queries, 0 cached) | GC: 0.7ms)


Started GET "/api/notes" for 127.0.0.1 at 2026-04-26 20:31:26 -0400
Processing by Api::NotesController#index as */*
  [1m[36mNote Load (0.2ms)[0m  [1m[34mSELECT "notes".* FROM "notes" /*action='index',application='RailsSystemsLab',controller='notes'*/[0m
  ↳ app/controllers/api/notes_controller.rb:7:in `map'
  [1m[36mUser Load (0.1ms)[0m  [1m[34mSELECT "users".* FROM "users" WHERE "users"."id" = 1 /*action='index',application='RailsSystemsLab',controller='notes'*/[0m
  ↳ app/controllers/api/notes_controller.rb:7:in `map'
  [1m[36mComment Load (0.3ms)[0m  [1m[34mSELECT "comments".* FROM "comments" WHERE "comments"."note_id" IN (2, 3, 4) /*action='index',application='RailsSystemsLab',controller='notes'*/[0m
  ↳ app/controllers/api/notes_controller.rb:7:in `map'
Completed 200 OK in 6ms (Views: 0.1ms | ActiveRecord: 0.6ms (3 queries, 0 cached) | GC: 0.7ms)


Started GET "/api/notes" for 127.0.0.1 at 2026-04-26 20:31:26 -0400
Processing by Api::NotesController#index as */*
  [1m[36mNote Load (0.2ms)[0m  [1m[34mSELECT "notes".* FROM "notes" /*action='index',application='RailsSystemsLab',controller='notes'*/[0m
  ↳ app/controllers/api/notes_controller.rb:7:in `map'
  [1m[36mUser Load (0.1ms)[0m  [1m[34mSELECT "users".* FROM "users" WHERE "users"."id" = 1 /*action='index',application='RailsSystemsLab',controller='notes'*/[0m
  ↳ app/controllers/api/notes_controller.rb:7:in `map'
  [1m[36mComment Load (0.1ms)[0m  [1m[34mSELECT "comments".* FROM "comments" WHERE "comments"."note_id" IN (2, 3, 4) /*action='index',application='RailsSystemsLab',controller='notes'*/[0m
  ↳ app/controllers/api/notes_controller.rb:7:in `map'
Completed 200 OK in 5ms (Views: 0.1ms | ActiveRecord: 0.4ms (3 queries, 0 cached) | GC: 0.4ms)


Started GET "/api/notes" for 127.0.0.1 at 2026-04-26 20:32:17 -0400
Processing by Api::NotesController#index as */*
  [1m[36mNote Load (0.2ms)[0m  [1m[34mSELECT "notes".* FROM "notes" /*action='index',application='RailsSystemsLab',controller='notes'*/[0m
  ↳ app/controllers/api/notes_controller.rb:7:in `map'
  [1m[36mUser Load (0.2ms)[0m  [1m[34mSELECT "users".* FROM "users" WHERE "users"."id" = 1 /*action='index',application='RailsSystemsLab',controller='notes'*/[0m
  ↳ app/controllers/api/notes_controller.rb:7:in `map'
  [1m[36mComment Load (0.3ms)[0m  [1m[34mSELECT "comments".* FROM "comments" WHERE "comments"."note_id" IN (2, 3, 4) /*action='index',application='RailsSystemsLab',controller='notes'*/[0m
  ↳ app/controllers/api/notes_controller.rb:7:in `map'
Completed 200 OK in 7ms (Views: 0.1ms | ActiveRecord: 0.6ms (3 queries, 0 cached) | GC: 1.0ms)


Started GET "/api/notes" for 127.0.0.1 at 2026-04-26 20:32:17 -0400
Processing by Api::NotesController#index as */*
  [1m[36mNote Load (0.2ms)[0m  [1m[34mSELECT "notes".* FROM "notes" /*action='index',application='RailsSystemsLab',controller='notes'*/[0m
  ↳ app/controllers/api/notes_controller.rb:7:in `map'
  [1m[36mUser Load (0.1ms)[0m  [1m[34mSELECT "users".* FROM "users" WHERE "users"."id" = 1 /*action='index',application='RailsSystemsLab',controller='notes'*/[0m
  ↳ app/controllers/api/notes_controller.rb:7:in `map'
  [1m[36mComment Load (0.1ms)[0m  [1m[34mSELECT "comments".* FROM "comments" WHERE "comments"."note_id" IN (2, 3, 4) /*action='index',application='RailsSystemsLab',controller='notes'*/[0m
  ↳ app/controllers/api/notes_controller.rb:7:in `map'
Completed 200 OK in 5ms (Views: 0.2ms | ActiveRecord: 0.4ms (3 queries, 0 cached) | GC: 0.0ms)


Started GET "/api/notes" for 127.0.0.1 at 2026-04-26 20:34:54 -0400
Processing by Api::NotesController#index as */*
  [1m[36mNote Load (0.2ms)[0m  [1m[34mSELECT "notes".* FROM "notes" /*action='index',application='RailsSystemsLab',controller='notes'*/[0m
  ↳ app/controllers/api/notes_controller.rb:7:in `map'
  [1m[36mUser Load (0.1ms)[0m  [1m[34mSELECT "users".* FROM "users" WHERE "users"."id" = 1 /*action='index',application='RailsSystemsLab',controller='notes'*/[0m
  ↳ app/controllers/api/notes_controller.rb:7:in `map'
  [1m[36mComment Load (0.2ms)[0m  [1m[34mSELECT "comments".* FROM "comments" WHERE "comments"."note_id" IN (2, 3, 4) /*action='index',application='RailsSystemsLab',controller='notes'*/[0m
  ↳ app/controllers/api/notes_controller.rb:7:in `map'
Completed 200 OK in 5ms (Views: 0.1ms | ActiveRecord: 0.5ms (3 queries, 0 cached) | GC: 0.0ms)


Started GET "/api/notes" for 127.0.0.1 at 2026-04-26 20:34:54 -0400
Processing by Api::NotesController#index as */*
  [1m[36mNote Load (0.2ms)[0m  [1m[34mSELECT "notes".* FROM "notes" /*action='index',application='RailsSystemsLab',controller='notes'*/[0m
  ↳ app/controllers/api/notes_controller.rb:7:in `map'
  [1m[36mUser Load (0.1ms)[0m  [1m[34mSELECT "users".* FROM "users" WHERE "users"."id" = 1 /*action='index',application='RailsSystemsLab',controller='notes'*/[0m
  ↳ app/controllers/api/notes_controller.rb:7:in `map'
  [1m[36mComment Load (0.1ms)[0m  [1m[34mSELECT "comments".* FROM "comments" WHERE "comments"."note_id" IN (2, 3, 4) /*action='index',application='RailsSystemsLab',controller='notes'*/[0m
  ↳ app/controllers/api/notes_controller.rb:7:in `map'
Completed 200 OK in 5ms (Views: 0.1ms | ActiveRecord: 0.4ms (3 queries, 0 cached) | GC: 0.0ms)


Started GET "/api/notes" for 127.0.0.1 at 2026-04-26 20:34:55 -0400
Processing by Api::NotesController#index as */*
  [1m[36mNote Load (0.3ms)[0m  [1m[34mSELECT "notes".* FROM "notes" /*action='index',application='RailsSystemsLab',controller='notes'*/[0m
  ↳ app/controllers/api/notes_controller.rb:7:in `map'
  [1m[36mUser Load (0.2ms)[0m  [1m[34mSELECT "users".* FROM "users" WHERE "users"."id" = 1 /*action='index',application='RailsSystemsLab',controller='notes'*/[0m
  ↳ app/controllers/api/notes_controller.rb:7:in `map'
  [1m[36mComment Load (0.3ms)[0m  [1m[34mSELECT "comments".* FROM "comments" WHERE "comments"."note_id" IN (2, 3, 4) /*action='index',application='RailsSystemsLab',controller='notes'*/[0m
  ↳ app/controllers/api/notes_controller.rb:7:in `map'
Completed 200 OK in 7ms (Views: 0.2ms | ActiveRecord: 0.8ms (3 queries, 0 cached) | GC: 0.0ms)


Started GET "/api/notes" for 127.0.0.1 at 2026-04-26 20:34:55 -0400
Processing by Api::NotesController#index as */*
  [1m[36mNote Load (0.2ms)[0m  [1m[34mSELECT "notes".* FROM "notes" /*action='index',application='RailsSystemsLab',controller='notes'*/[0m
  ↳ app/controllers/api/notes_controller.rb:7:in `map'
  [1m[36mUser Load (0.1ms)[0m  [1m[34mSELECT "users".* FROM "users" WHERE "users"."id" = 1 /*action='index',application='RailsSystemsLab',controller='notes'*/[0m
  ↳ app/controllers/api/notes_controller.rb:7:in `map'
  [1m[36mComment Load (0.2ms)[0m  [1m[34mSELECT "comments".* FROM "comments" WHERE "comments"."note_id" IN (2, 3, 4) /*action='index',application='RailsSystemsLab',controller='notes'*/[0m
  ↳ app/controllers/api/notes_controller.rb:7:in `map'
Completed 200 OK in 6ms (Views: 0.2ms | ActiveRecord: 0.5ms (3 queries, 0 cached) | GC: 0.0ms)


Started PATCH "/api/notes/2" for 127.0.0.1 at 2026-04-26 20:36:00 -0400
Processing by Api::NotesController#update as */*
  Parameters: {"note"=>{"title"=>"Test", "body"=>"This is urgent fix immediatelyy"}, "id"=>"2"}
HTTP Origin header (http://localhost:5173) didn't match request.base_url (http://localhost:3000)
  [1m[36mNote Load (0.2ms)[0m  [1m[34mSELECT "notes".* FROM "notes" WHERE "notes"."id" = 2 LIMIT 1 /*action='update',application='RailsSystemsLab',controller='notes'*/[0m
  ↳ app/controllers/api/notes_controller.rb:27:in `update'
  [1m[36mComment Load (0.1ms)[0m  [1m[34mSELECT "comments".* FROM "comments" WHERE "comments"."note_id" = 2 /*action='update',application='RailsSystemsLab',controller='notes'*/[0m
  ↳ app/controllers/api/notes_controller.rb:58:in `map'
Completed 200 OK in 16ms (Views: 0.1ms | ActiveRecord: 0.3ms (2 queries, 0 cached) | GC: 0.0ms)


Started GET "/api/notes" for 127.0.0.1 at 2026-04-26 20:36:00 -0400
Processing by Api::NotesController#index as */*
  [1m[36mNote Load (0.1ms)[0m  [1m[34mSELECT "notes".* FROM "notes" /*action='index',application='RailsSystemsLab',controller='notes'*/[0m
  ↳ app/controllers/api/notes_controller.rb:7:in `map'
  [1m[36mUser Load (0.1ms)[0m  [1m[34mSELECT "users".* FROM "users" WHERE "users"."id" = 1 /*action='index',application='RailsSystemsLab',controller='notes'*/[0m
  ↳ app/controllers/api/notes_controller.rb:7:in `map'
  [1m[36mComment Load (0.2ms)[0m  [1m[34mSELECT "comments".* FROM "comments" WHERE "comments"."note_id" IN (2, 3, 4) /*action='index',application='RailsSystemsLab',controller='notes'*/[0m
  ↳ app/controllers/api/notes_controller.rb:7:in `map'
Completed 200 OK in 4ms (Views: 0.1ms | ActiveRecord: 0.4ms (3 queries, 0 cached) | GC: 0.0ms)


Started GET "/api/notes" for 127.0.0.1 at 2026-04-26 20:37:27 -0400
Processing by Api::NotesController#index as */*
  [1m[36mNote Load (0.2ms)[0m  [1m[34mSELECT "notes".* FROM "notes" /*action='index',application='RailsSystemsLab',controller='notes'*/[0m
  ↳ app/controllers/api/notes_controller.rb:7:in `map'
  [1m[36mUser Load (0.1ms)[0m  [1m[34mSELECT "users".* FROM "users" WHERE "users"."id" = 1 /*action='index',application='RailsSystemsLab',controller='notes'*/[0m
  ↳ app/controllers/api/notes_controller.rb:7:in `map'
  [1m[36mComment Load (0.2ms)[0m  [1m[34mSELECT "comments".* FROM "comments" WHERE "comments"."note_id" IN (2, 3, 4) /*action='index',application='RailsSystemsLab',controller='notes'*/[0m
  ↳ app/controllers/api/notes_controller.rb:7:in `map'
Completed 200 OK in 5ms (Views: 0.1ms | ActiveRecord: 0.5ms (3 queries, 0 cached) | GC: 0.0ms)


Started GET "/api/notes" for 127.0.0.1 at 2026-04-26 20:37:27 -0400
Processing by Api::NotesController#index as */*
  [1m[36mNote Load (0.2ms)[0m  [1m[34mSELECT "notes".* FROM "notes" /*action='index',application='RailsSystemsLab',controller='notes'*/[0m
  ↳ app/controllers/api/notes_controller.rb:7:in `map'
  [1m[36mUser Load (0.1ms)[0m  [1m[34mSELECT "users".* FROM "users" WHERE "users"."id" = 1 /*action='index',application='RailsSystemsLab',controller='notes'*/[0m
  ↳ app/controllers/api/notes_controller.rb:7:in `map'
  [1m[36mComment Load (0.2ms)[0m  [1m[34mSELECT "comments".* FROM "comments" WHERE "comments"."note_id" IN (2, 3, 4) /*action='index',application='RailsSystemsLab',controller='notes'*/[0m
  ↳ app/controllers/api/notes_controller.rb:7:in `map'
Completed 200 OK in 4ms (Views: 0.1ms | ActiveRecord: 0.4ms (3 queries, 0 cached) | GC: 0.0ms)


Started GET "/api/notes" for 127.0.0.1 at 2026-04-26 20:40:46 -0400
Processing by Api::NotesController#index as */*
  [1m[36mNote Load (0.2ms)[0m  [1m[34mSELECT "notes".* FROM "notes" /*action='index',application='RailsSystemsLab',controller='notes'*/[0m
  ↳ app/controllers/api/notes_controller.rb:7:in `map'
  [1m[36mUser Load (0.1ms)[0m  [1m[34mSELECT "users".* FROM "users" WHERE "users"."id" = 1 /*action='index',application='RailsSystemsLab',controller='notes'*/[0m
  ↳ app/controllers/api/notes_controller.rb:7:in `map'
  [1m[36mComment Load (0.4ms)[0m  [1m[34mSELECT "comments".* FROM "comments" WHERE "comments"."note_id" IN (2, 3, 4) /*action='index',application='RailsSystemsLab',controller='notes'*/[0m
  ↳ app/controllers/api/notes_controller.rb:7:in `map'
Completed 200 OK in 7ms (Views: 0.1ms | ActiveRecord: 0.7ms (3 queries, 0 cached) | GC: 0.0ms)


Started GET "/api/notes" for 127.0.0.1 at 2026-04-26 20:40:46 -0400
Processing by Api::NotesController#index as */*
  [1m[36mNote Load (0.2ms)[0m  [1m[34mSELECT "notes".* FROM "notes" /*action='index',application='RailsSystemsLab',controller='notes'*/[0m
  ↳ app/controllers/api/notes_controller.rb:7:in `map'
  [1m[36mUser Load (0.1ms)[0m  [1m[34mSELECT "users".* FROM "users" WHERE "users"."id" = 1 /*action='index',application='RailsSystemsLab',controller='notes'*/[0m
  ↳ app/controllers/api/notes_controller.rb:7:in `map'
  [1m[36mComment Load (0.3ms)[0m  [1m[34mSELECT "comments".* FROM "comments" WHERE "comments"."note_id" IN (2, 3, 4) /*action='index',application='RailsSystemsLab',controller='notes'*/[0m
  ↳ app/controllers/api/notes_controller.rb:7:in `map'
Completed 200 OK in 7ms (Views: 0.1ms | ActiveRecord: 0.6ms (3 queries, 0 cached) | GC: 0.0ms)


Started PATCH "/api/notes/2" for 127.0.0.1 at 2026-04-26 20:40:51 -0400
Processing by Api::NotesController#update as */*
  Parameters: {"note"=>{"status"=>"Pending"}, "id"=>"2"}
HTTP Origin header (http://localhost:5173) didn't match request.base_url (http://localhost:3000)
  [1m[36mNote Load (0.2ms)[0m  [1m[34mSELECT "notes".* FROM "notes" WHERE "notes"."id" = 2 LIMIT 1 /*action='update',application='RailsSystemsLab',controller='notes'*/[0m
  ↳ app/controllers/api/notes_controller.rb:27:in `update'
  [1m[36mComment Load (0.1ms)[0m  [1m[34mSELECT "comments".* FROM "comments" WHERE "comments"."note_id" = 2 /*action='update',application='RailsSystemsLab',controller='notes'*/[0m
  ↳ app/controllers/api/notes_controller.rb:58:in `map'
Completed 200 OK in 4ms (Views: 0.1ms | ActiveRecord: 0.3ms (2 queries, 0 cached) | GC: 0.0ms)


Started GET "/api/notes" for 127.0.0.1 at 2026-04-26 20:40:51 -0400
Processing by Api::NotesController#index as */*
  [1m[36mNote Load (0.2ms)[0m  [1m[34mSELECT "notes".* FROM "notes" /*action='index',application='RailsSystemsLab',controller='notes'*/[0m
  ↳ app/controllers/api/notes_controller.rb:7:in `map'
  [1m[36mUser Load (0.1ms)[0m  [1m[34mSELECT "users".* FROM "users" WHERE "users"."id" = 1 /*action='index',application='RailsSystemsLab',controller='notes'*/[0m
  ↳ app/controllers/api/notes_controller.rb:7:in `map'
  [1m[36mComment Load (0.2ms)[0m  [1m[34mSELECT "comments".* FROM "comments" WHERE "comments"."note_id" IN (2, 3, 4) /*action='index',application='RailsSystemsLab',controller='notes'*/[0m
  ↳ app/controllers/api/notes_controller.rb:7:in `map'
Completed 200 OK in 4ms (Views: 0.1ms | ActiveRecord: 0.4ms (3 queries, 0 cached) | GC: 0.0ms)


Started PATCH "/api/notes/2" for 127.0.0.1 at 2026-04-26 20:40:54 -0400
Processing by Api::NotesController#update as */*
  Parameters: {"note"=>{"status"=>"Pending"}, "id"=>"2"}
HTTP Origin header (http://localhost:5173) didn't match request.base_url (http://localhost:3000)
  [1m[36mNote Load (0.2ms)[0m  [1m[34mSELECT "notes".* FROM "notes" WHERE "notes"."id" = 2 LIMIT 1 /*action='update',application='RailsSystemsLab',controller='notes'*/[0m
  ↳ app/controllers/api/notes_controller.rb:27:in `update'
  [1m[36mComment Load (0.1ms)[0m  [1m[34mSELECT "comments".* FROM "comments" WHERE "comments"."note_id" = 2 /*action='update',application='RailsSystemsLab',controller='notes'*/[0m
  ↳ app/controllers/api/notes_controller.rb:58:in `map'
Completed 200 OK in 5ms (Views: 0.1ms | ActiveRecord: 0.3ms (2 queries, 0 cached) | GC: 0.0ms)


Started GET "/api/notes" for 127.0.0.1 at 2026-04-26 20:40:54 -0400
Processing by Api::NotesController#index as */*
  [1m[36mNote Load (0.2ms)[0m  [1m[34mSELECT "notes".* FROM "notes" /*action='index',application='RailsSystemsLab',controller='notes'*/[0m
  ↳ app/controllers/api/notes_controller.rb:7:in `map'
  [1m[36mUser Load (0.2ms)[0m  [1m[34mSELECT "users".* FROM "users" WHERE "users"."id" = 1 /*action='index',application='RailsSystemsLab',controller='notes'*/[0m
  ↳ app/controllers/api/notes_controller.rb:7:in `map'
  [1m[36mComment Load (0.5ms)[0m  [1m[34mSELECT "comments".* FROM "comments" WHERE "comments"."note_id" IN (2, 3, 4) /*action='index',application='RailsSystemsLab',controller='notes'*/[0m
  ↳ app/controllers/api/notes_controller.rb:7:in `map'
Completed 200 OK in 12ms (Views: 0.2ms | ActiveRecord: 1.0ms (3 queries, 0 cached) | GC: 0.0ms)


Started PATCH "/api/notes/2" for 127.0.0.1 at 2026-04-26 20:40:55 -0400
Processing by Api::NotesController#update as */*
  Parameters: {"note"=>{"status"=>"Pending"}, "id"=>"2"}
HTTP Origin header (http://localhost:5173) didn't match request.base_url (http://localhost:3000)
  [1m[36mNote Load (0.2ms)[0m  [1m[34mSELECT "notes".* FROM "notes" WHERE "notes"."id" = 2 LIMIT 1 /*action='update',application='RailsSystemsLab',controller='notes'*/[0m
  ↳ app/controllers/api/notes_controller.rb:27:in `update'
  [1m[36mComment Load (0.1ms)[0m  [1m[34mSELECT "comments".* FROM "comments" WHERE "comments"."note_id" = 2 /*action='update',application='RailsSystemsLab',controller='notes'*/[0m
  ↳ app/controllers/api/notes_controller.rb:58:in `map'
Completed 200 OK in 3ms (Views: 0.1ms | ActiveRecord: 0.2ms (2 queries, 0 cached) | GC: 0.0ms)


Started GET "/api/notes" for 127.0.0.1 at 2026-04-26 20:40:55 -0400
Processing by Api::NotesController#index as */*
  [1m[36mNote Load (0.2ms)[0m  [1m[34mSELECT "notes".* FROM "notes" /*action='index',application='RailsSystemsLab',controller='notes'*/[0m
  ↳ app/controllers/api/notes_controller.rb:7:in `map'
  [1m[36mUser Load (0.1ms)[0m  [1m[34mSELECT "users".* FROM "users" WHERE "users"."id" = 1 /*action='index',application='RailsSystemsLab',controller='notes'*/[0m
  ↳ app/controllers/api/notes_controller.rb:7:in `map'
  [1m[36mComment Load (0.2ms)[0m  [1m[34mSELECT "comments".* FROM "comments" WHERE "comments"."note_id" IN (2, 3, 4) /*action='index',application='RailsSystemsLab',controller='notes'*/[0m
  ↳ app/controllers/api/notes_controller.rb:7:in `map'
Completed 200 OK in 4ms (Views: 0.1ms | ActiveRecord: 0.4ms (3 queries, 0 cached) | GC: 0.0ms)


Started PATCH "/api/notes/2" for 127.0.0.1 at 2026-04-26 20:40:55 -0400
Processing by Api::NotesController#update as */*
  Parameters: {"note"=>{"status"=>"Pending"}, "id"=>"2"}
HTTP Origin header (http://localhost:5173) didn't match request.base_url (http://localhost:3000)
  [1m[36mNote Load (0.2ms)[0m  [1m[34mSELECT "notes".* FROM "notes" WHERE "notes"."id" = 2 LIMIT 1 /*action='update',application='RailsSystemsLab',controller='notes'*/[0m
  ↳ app/controllers/api/notes_controller.rb:27:in `update'
  [1m[36mComment Load (0.2ms)[0m  [1m[34mSELECT "comments".* FROM "comments" WHERE "comments"."note_id" = 2 /*action='update',application='RailsSystemsLab',controller='notes'*/[0m
  ↳ app/controllers/api/notes_controller.rb:58:in `map'
Completed 200 OK in 11ms (Views: 0.1ms | ActiveRecord: 0.3ms (2 queries, 0 cached) | GC: 7.3ms)


Started GET "/api/notes" for 127.0.0.1 at 2026-04-26 20:40:55 -0400
Processing by Api::NotesController#index as */*
  [1m[36mNote Load (0.2ms)[0m  [1m[34mSELECT "notes".* FROM "notes" /*action='index',application='RailsSystemsLab',controller='notes'*/[0m
  ↳ app/controllers/api/notes_controller.rb:7:in `map'
  [1m[36mUser Load (0.1ms)[0m  [1m[34mSELECT "users".* FROM "users" WHERE "users"."id" = 1 /*action='index',application='RailsSystemsLab',controller='notes'*/[0m
  ↳ app/controllers/api/notes_controller.rb:7:in `map'
  [1m[36mComment Load (0.2ms)[0m  [1m[34mSELECT "comments".* FROM "comments" WHERE "comments"."note_id" IN (2, 3, 4) /*action='index',application='RailsSystemsLab',controller='notes'*/[0m
  ↳ app/controllers/api/notes_controller.rb:7:in `map'
Completed 200 OK in 5ms (Views: 0.1ms | ActiveRecord: 0.5ms (3 queries, 0 cached) | GC: 0.8ms)


Started PATCH "/api/notes/3" for 127.0.0.1 at 2026-04-26 20:40:58 -0400
Processing by Api::NotesController#update as */*
  Parameters: {"note"=>{"status"=>"Done"}, "id"=>"3"}
HTTP Origin header (http://localhost:5173) didn't match request.base_url (http://localhost:3000)
  [1m[36mNote Load (0.2ms)[0m  [1m[34mSELECT "notes".* FROM "notes" WHERE "notes"."id" = 3 LIMIT 1 /*action='update',application='RailsSystemsLab',controller='notes'*/[0m
  ↳ app/controllers/api/notes_controller.rb:27:in `update'
  [1m[36mTRANSACTION (0.1ms)[0m  [1m[35mBEGIN immediate TRANSACTION /*action='update',application='RailsSystemsLab',controller='notes'*/[0m
  ↳ app/controllers/api/notes_controller.rb:28:in `update'
  [1m[36mNote Update (2.2ms)[0m  [1m[33mUPDATE "notes" SET "status" = 'Done', "updated_at" = '2026-04-27 00:40:58.032144' WHERE "notes"."id" = 3 /*action='update',application='RailsSystemsLab',controller='notes'*/[0m
  ↳ app/controllers/api/notes_controller.rb:28:in `update'
  [1m[36mTRANSACTION (5.5ms)[0m  [1m[35mCOMMIT TRANSACTION /*action='update',application='RailsSystemsLab',controller='notes'*/[0m
  ↳ app/controllers/api/notes_controller.rb:28:in `update'
  [1m[36mUser Load (0.2ms)[0m  [1m[34mSELECT "users".* FROM "users" WHERE "users"."id" = 1 LIMIT 1 /*action='update',application='RailsSystemsLab',controller='notes'*/[0m
  ↳ app/controllers/api/notes_controller.rb:54:in `serialize_note'
  [1m[36mComment Load (0.1ms)[0m  [1m[34mSELECT "comments".* FROM "comments" WHERE "comments"."note_id" = 3 /*action='update',application='RailsSystemsLab',controller='notes'*/[0m
  ↳ app/controllers/api/notes_controller.rb:58:in `map'
Completed 200 OK in 17ms (Views: 0.1ms | ActiveRecord: 8.1ms (4 queries, 0 cached) | GC: 1.6ms)


Started GET "/api/notes" for 127.0.0.1 at 2026-04-26 20:40:58 -0400
Processing by Api::NotesController#index as */*
  [1m[36mNote Load (0.2ms)[0m  [1m[34mSELECT "notes".* FROM "notes" /*action='index',application='RailsSystemsLab',controller='notes'*/[0m
  ↳ app/controllers/api/notes_controller.rb:7:in `map'
  [1m[36mUser Load (0.1ms)[0m  [1m[34mSELECT "users".* FROM "users" WHERE "users"."id" = 1 /*action='index',application='RailsSystemsLab',controller='notes'*/[0m
  ↳ app/controllers/api/notes_controller.rb:7:in `map'
  [1m[36mComment Load (0.3ms)[0m  [1m[34mSELECT "comments".* FROM "comments" WHERE "comments"."note_id" IN (2, 3, 4) /*action='index',application='RailsSystemsLab',controller='notes'*/[0m
  ↳ app/controllers/api/notes_controller.rb:7:in `map'
Completed 200 OK in 5ms (Views: 0.1ms | ActiveRecord: 0.5ms (3 queries, 0 cached) | GC: 0.2ms)


Started PATCH "/api/notes/3" for 127.0.0.1 at 2026-04-26 20:40:58 -0400
Processing by Api::NotesController#update as */*
  Parameters: {"note"=>{"status"=>"Pending"}, "id"=>"3"}
HTTP Origin header (http://localhost:5173) didn't match request.base_url (http://localhost:3000)
  [1m[36mNote Load (0.2ms)[0m  [1m[34mSELECT "notes".* FROM "notes" WHERE "notes"."id" = 3 LIMIT 1 /*action='update',application='RailsSystemsLab',controller='notes'*/[0m
  ↳ app/controllers/api/notes_controller.rb:27:in `update'
  [1m[36mTRANSACTION (0.0ms)[0m  [1m[35mBEGIN immediate TRANSACTION /*action='update',application='RailsSystemsLab',controller='notes'*/[0m
  ↳ app/controllers/api/notes_controller.rb:28:in `update'
  [1m[36mNote Update (0.9ms)[0m  [1m[33mUPDATE "notes" SET "status" = 'Pending', "updated_at" = '2026-04-27 00:40:58.937664' WHERE "notes"."id" = 3 /*action='update',application='RailsSystemsLab',controller='notes'*/[0m
  ↳ app/controllers/api/notes_controller.rb:28:in `update'
  [1m[36mTRANSACTION (0.1ms)[0m  [1m[35mCOMMIT TRANSACTION /*action='update',application='RailsSystemsLab',controller='notes'*/[0m
  ↳ app/controllers/api/notes_controller.rb:28:in `update'
  [1m[36mUser Load (0.1ms)[0m  [1m[34mSELECT "users".* FROM "users" WHERE "users"."id" = 1 LIMIT 1 /*action='update',application='RailsSystemsLab',controller='notes'*/[0m
  ↳ app/controllers/api/notes_controller.rb:54:in `serialize_note'
  [1m[36mComment Load (0.1ms)[0m  [1m[34mSELECT "comments".* FROM "comments" WHERE "comments"."note_id" = 3 /*action='update',application='RailsSystemsLab',controller='notes'*/[0m
  ↳ app/controllers/api/notes_controller.rb:58:in `map'
Completed 200 OK in 7ms (Views: 0.1ms | ActiveRecord: 1.4ms (4 queries, 0 cached) | GC: 0.4ms)


Started GET "/api/notes" for 127.0.0.1 at 2026-04-26 20:40:58 -0400
Processing by Api::NotesController#index as */*
  [1m[36mNote Load (0.2ms)[0m  [1m[34mSELECT "notes".* FROM "notes" /*action='index',application='RailsSystemsLab',controller='notes'*/[0m
  ↳ app/controllers/api/notes_controller.rb:7:in `map'
  [1m[36mUser Load (0.1ms)[0m  [1m[34mSELECT "users".* FROM "users" WHERE "users"."id" = 1 /*action='index',application='RailsSystemsLab',controller='notes'*/[0m
  ↳ app/controllers/api/notes_controller.rb:7:in `map'
  [1m[36mComment Load (0.2ms)[0m  [1m[34mSELECT "comments".* FROM "comments" WHERE "comments"."note_id" IN (2, 3, 4) /*action='index',application='RailsSystemsLab',controller='notes'*/[0m
  ↳ app/controllers/api/notes_controller.rb:7:in `map'
Completed 200 OK in 5ms (Views: 0.1ms | ActiveRecord: 0.5ms (3 queries, 0 cached) | GC: 0.2ms)


Started PATCH "/api/notes/3" for 127.0.0.1 at 2026-04-26 20:40:59 -0400
Processing by Api::NotesController#update as */*
  Parameters: {"note"=>{"status"=>"Done"}, "id"=>"3"}
HTTP Origin header (http://localhost:5173) didn't match request.base_url (http://localhost:3000)
  [1m[36mNote Load (0.2ms)[0m  [1m[34mSELECT "notes".* FROM "notes" WHERE "notes"."id" = 3 LIMIT 1 /*action='update',application='RailsSystemsLab',controller='notes'*/[0m
  ↳ app/controllers/api/notes_controller.rb:27:in `update'
  [1m[36mTRANSACTION (0.1ms)[0m  [1m[35mBEGIN immediate TRANSACTION /*action='update',application='RailsSystemsLab',controller='notes'*/[0m
  ↳ app/controllers/api/notes_controller.rb:28:in `update'
  [1m[36mNote Update (0.9ms)[0m  [1m[33mUPDATE "notes" SET "status" = 'Done', "updated_at" = '2026-04-27 00:40:59.466121' WHERE "notes"."id" = 3 /*action='update',application='RailsSystemsLab',controller='notes'*/[0m
  ↳ app/controllers/api/notes_controller.rb:28:in `update'
  [1m[36mTRANSACTION (0.1ms)[0m  [1m[35mCOMMIT TRANSACTION /*action='update',application='RailsSystemsLab',controller='notes'*/[0m
  ↳ app/controllers/api/notes_controller.rb:28:in `update'
  [1m[36mUser Load (0.1ms)[0m  [1m[34mSELECT "users".* FROM "users" WHERE "users"."id" = 1 LIMIT 1 /*action='update',application='RailsSystemsLab',controller='notes'*/[0m
  ↳ app/controllers/api/notes_controller.rb:54:in `serialize_note'
  [1m[36mComment Load (0.1ms)[0m  [1m[34mSELECT "comments".* FROM "comments" WHERE "comments"."note_id" = 3 /*action='update',application='RailsSystemsLab',controller='notes'*/[0m
  ↳ app/controllers/api/notes_controller.rb:58:in `map'
Completed 200 OK in 7ms (Views: 0.1ms | ActiveRecord: 1.3ms (4 queries, 0 cached) | GC: 0.4ms)


Started GET "/api/notes" for 127.0.0.1 at 2026-04-26 20:40:59 -0400
Processing by Api::NotesController#index as */*
  [1m[36mNote Load (0.2ms)[0m  [1m[34mSELECT "notes".* FROM "notes" /*action='index',application='RailsSystemsLab',controller='notes'*/[0m
  ↳ app/controllers/api/notes_controller.rb:7:in `map'
  [1m[36mUser Load (0.2ms)[0m  [1m[34mSELECT "users".* FROM "users" WHERE "users"."id" = 1 /*action='index',application='RailsSystemsLab',controller='notes'*/[0m
  ↳ app/controllers/api/notes_controller.rb:7:in `map'
  [1m[36mComment Load (0.2ms)[0m  [1m[34mSELECT "comments".* FROM "comments" WHERE "comments"."note_id" IN (2, 3, 4) /*action='index',application='RailsSystemsLab',controller='notes'*/[0m
  ↳ app/controllers/api/notes_controller.rb:7:in `map'
Completed 200 OK in 5ms (Views: 0.1ms | ActiveRecord: 0.5ms (3 queries, 0 cached) | GC: 0.0ms)


Started PATCH "/api/notes/3" for 127.0.0.1 at 2026-04-26 20:40:59 -0400
Processing by Api::NotesController#update as */*
  Parameters: {"note"=>{"status"=>"Pending"}, "id"=>"3"}
HTTP Origin header (http://localhost:5173) didn't match request.base_url (http://localhost:3000)
  [1m[36mNote Load (0.3ms)[0m  [1m[34mSELECT "notes".* FROM "notes" WHERE "notes"."id" = 3 LIMIT 1 /*action='update',application='RailsSystemsLab',controller='notes'*/[0m
  ↳ app/controllers/api/notes_controller.rb:27:in `update'
  [1m[36mTRANSACTION (0.0ms)[0m  [1m[35mBEGIN immediate TRANSACTION /*action='update',application='RailsSystemsLab',controller='notes'*/[0m
  ↳ app/controllers/api/notes_controller.rb:28:in `update'
  [1m[36mNote Update (0.9ms)[0m  [1m[33mUPDATE "notes" SET "status" = 'Pending', "updated_at" = '2026-04-27 00:40:59.735701' WHERE "notes"."id" = 3 /*action='update',application='RailsSystemsLab',controller='notes'*/[0m
  ↳ app/controllers/api/notes_controller.rb:28:in `update'
  [1m[36mTRANSACTION (0.1ms)[0m  [1m[35mCOMMIT TRANSACTION /*action='update',application='RailsSystemsLab',controller='notes'*/[0m
  ↳ app/controllers/api/notes_controller.rb:28:in `update'
  [1m[36mUser Load (0.1ms)[0m  [1m[34mSELECT "users".* FROM "users" WHERE "users"."id" = 1 LIMIT 1 /*action='update',application='RailsSystemsLab',controller='notes'*/[0m
  ↳ app/controllers/api/notes_controller.rb:54:in `serialize_note'
  [1m[36mComment Load (0.1ms)[0m  [1m[34mSELECT "comments".* FROM "comments" WHERE "comments"."note_id" = 3 /*action='update',application='RailsSystemsLab',controller='notes'*/[0m
  ↳ app/controllers/api/notes_controller.rb:58:in `map'
Completed 200 OK in 6ms (Views: 0.1ms | ActiveRecord: 1.3ms (4 queries, 0 cached) | GC: 0.3ms)


Started GET "/api/notes" for 127.0.0.1 at 2026-04-26 20:40:59 -0400
Processing by Api::NotesController#index as */*
  [1m[36mNote Load (0.2ms)[0m  [1m[34mSELECT "notes".* FROM "notes" /*action='index',application='RailsSystemsLab',controller='notes'*/[0m
  ↳ app/controllers/api/notes_controller.rb:7:in `map'
  [1m[36mUser Load (0.1ms)[0m  [1m[34mSELECT "users".* FROM "users" WHERE "users"."id" = 1 /*action='index',application='RailsSystemsLab',controller='notes'*/[0m
  ↳ app/controllers/api/notes_controller.rb:7:in `map'
  [1m[36mComment Load (0.2ms)[0m  [1m[34mSELECT "comments".* FROM "comments" WHERE "comments"."note_id" IN (2, 3, 4) /*action='index',application='RailsSystemsLab',controller='notes'*/[0m
  ↳ app/controllers/api/notes_controller.rb:7:in `map'
Completed 200 OK in 5ms (Views: 0.1ms | ActiveRecord: 0.5ms (3 queries, 0 cached) | GC: 0.3ms)


Started PATCH "/api/notes/2" for 127.0.0.1 at 2026-04-26 20:41:00 -0400
Processing by Api::NotesController#update as */*
  Parameters: {"note"=>{"status"=>"Pending"}, "id"=>"2"}
HTTP Origin header (http://localhost:5173) didn't match request.base_url (http://localhost:3000)
  [1m[36mNote Load (0.1ms)[0m  [1m[34mSELECT "notes".* FROM "notes" WHERE "notes"."id" = 2 LIMIT 1 /*action='update',application='RailsSystemsLab',controller='notes'*/[0m
  ↳ app/controllers/api/notes_controller.rb:27:in `update'
  [1m[36mComment Load (0.1ms)[0m  [1m[34mSELECT "comments".* FROM "comments" WHERE "comments"."note_id" = 2 /*action='update',application='RailsSystemsLab',controller='notes'*/[0m
  ↳ app/controllers/api/notes_controller.rb:58:in `map'
Completed 200 OK in 4ms (Views: 0.1ms | ActiveRecord: 0.2ms (2 queries, 0 cached) | GC: 0.2ms)


Started GET "/api/notes" for 127.0.0.1 at 2026-04-26 20:41:00 -0400
Processing by Api::NotesController#index as */*
  [1m[36mNote Load (0.2ms)[0m  [1m[34mSELECT "notes".* FROM "notes" /*action='index',application='RailsSystemsLab',controller='notes'*/[0m
  ↳ app/controllers/api/notes_controller.rb:7:in `map'
  [1m[36mUser Load (0.1ms)[0m  [1m[34mSELECT "users".* FROM "users" WHERE "users"."id" = 1 /*action='index',application='RailsSystemsLab',controller='notes'*/[0m
  ↳ app/controllers/api/notes_controller.rb:7:in `map'
  [1m[36mComment Load (0.1ms)[0m  [1m[34mSELECT "comments".* FROM "comments" WHERE "comments"."note_id" IN (2, 3, 4) /*action='index',application='RailsSystemsLab',controller='notes'*/[0m
  ↳ app/controllers/api/notes_controller.rb:7:in `map'
Completed 200 OK in 4ms (Views: 0.1ms | ActiveRecord: 0.3ms (3 queries, 0 cached) | GC: 0.2ms)


Started PATCH "/api/notes/2" for 127.0.0.1 at 2026-04-26 20:41:01 -0400
Processing by Api::NotesController#update as */*
  Parameters: {"note"=>{"status"=>"Pending"}, "id"=>"2"}
HTTP Origin header (http://localhost:5173) didn't match request.base_url (http://localhost:3000)
  [1m[36mNote Load (0.2ms)[0m  [1m[34mSELECT "notes".* FROM "notes" WHERE "notes"."id" = 2 LIMIT 1 /*action='update',application='RailsSystemsLab',controller='notes'*/[0m
  ↳ app/controllers/api/notes_controller.rb:27:in `update'
  [1m[36mComment Load (0.1ms)[0m  [1m[34mSELECT "comments".* FROM "comments" WHERE "comments"."note_id" = 2 /*action='update',application='RailsSystemsLab',controller='notes'*/[0m
  ↳ app/controllers/api/notes_controller.rb:58:in `map'
Completed 200 OK in 4ms (Views: 0.1ms | ActiveRecord: 0.3ms (2 queries, 0 cached) | GC: 0.0ms)


Started GET "/api/notes" for 127.0.0.1 at 2026-04-26 20:41:01 -0400
Processing by Api::NotesController#index as */*
  [1m[36mNote Load (0.2ms)[0m  [1m[34mSELECT "notes".* FROM "notes" /*action='index',application='RailsSystemsLab',controller='notes'*/[0m
  ↳ app/controllers/api/notes_controller.rb:7:in `map'
  [1m[36mUser Load (0.1ms)[0m  [1m[34mSELECT "users".* FROM "users" WHERE "users"."id" = 1 /*action='index',application='RailsSystemsLab',controller='notes'*/[0m
  ↳ app/controllers/api/notes_controller.rb:7:in `map'
  [1m[36mComment Load (0.1ms)[0m  [1m[34mSELECT "comments".* FROM "comments" WHERE "comments"."note_id" IN (2, 3, 4) /*action='index',application='RailsSystemsLab',controller='notes'*/[0m
  ↳ app/controllers/api/notes_controller.rb:7:in `map'
Completed 200 OK in 4ms (Views: 0.1ms | ActiveRecord: 0.3ms (3 queries, 0 cached) | GC: 0.0ms)


Started PATCH "/api/notes/2" for 127.0.0.1 at 2026-04-26 20:41:01 -0400
Processing by Api::NotesController#update as */*
  Parameters: {"note"=>{"status"=>"Pending"}, "id"=>"2"}
HTTP Origin header (http://localhost:5173) didn't match request.base_url (http://localhost:3000)
  [1m[36mNote Load (0.1ms)[0m  [1m[34mSELECT "notes".* FROM "notes" WHERE "notes"."id" = 2 LIMIT 1 /*action='update',application='RailsSystemsLab',controller='notes'*/[0m
  ↳ app/controllers/api/notes_controller.rb:27:in `update'
  [1m[36mComment Load (0.1ms)[0m  [1m[34mSELECT "comments".* FROM "comments" WHERE "comments"."note_id" = 2 /*action='update',application='RailsSystemsLab',controller='notes'*/[0m
  ↳ app/controllers/api/notes_controller.rb:58:in `map'
Completed 200 OK in 3ms (Views: 0.1ms | ActiveRecord: 0.2ms (2 queries, 0 cached) | GC: 0.0ms)


Started GET "/api/notes" for 127.0.0.1 at 2026-04-26 20:41:01 -0400
Processing by Api::NotesController#index as */*
  [1m[36mNote Load (0.2ms)[0m  [1m[34mSELECT "notes".* FROM "notes" /*action='index',application='RailsSystemsLab',controller='notes'*/[0m
  ↳ app/controllers/api/notes_controller.rb:7:in `map'
  [1m[36mUser Load (0.1ms)[0m  [1m[34mSELECT "users".* FROM "users" WHERE "users"."id" = 1 /*action='index',application='RailsSystemsLab',controller='notes'*/[0m
  ↳ app/controllers/api/notes_controller.rb:7:in `map'
  [1m[36mComment Load (0.2ms)[0m  [1m[34mSELECT "comments".* FROM "comments" WHERE "comments"."note_id" IN (2, 3, 4) /*action='index',application='RailsSystemsLab',controller='notes'*/[0m
  ↳ app/controllers/api/notes_controller.rb:7:in `map'
Completed 200 OK in 4ms (Views: 0.1ms | ActiveRecord: 0.4ms (3 queries, 0 cached) | GC: 0.2ms)


Started PATCH "/api/notes/2" for 127.0.0.1 at 2026-04-26 20:41:02 -0400
Processing by Api::NotesController#update as */*
  Parameters: {"note"=>{"status"=>"Pending"}, "id"=>"2"}
HTTP Origin header (http://localhost:5173) didn't match request.base_url (http://localhost:3000)
  [1m[36mNote Load (0.2ms)[0m  [1m[34mSELECT "notes".* FROM "notes" WHERE "notes"."id" = 2 LIMIT 1 /*action='update',application='RailsSystemsLab',controller='notes'*/[0m
  ↳ app/controllers/api/notes_controller.rb:27:in `update'
  [1m[36mComment Load (0.1ms)[0m  [1m[34mSELECT "comments".* FROM "comments" WHERE "comments"."note_id" = 2 /*action='update',application='RailsSystemsLab',controller='notes'*/[0m
  ↳ app/controllers/api/notes_controller.rb:58:in `map'
Completed 200 OK in 3ms (Views: 0.3ms | ActiveRecord: 0.2ms (2 queries, 0 cached) | GC: 0.2ms)


Started GET "/api/notes" for 127.0.0.1 at 2026-04-26 20:41:02 -0400
Processing by Api::NotesController#index as */*
  [1m[36mNote Load (0.1ms)[0m  [1m[34mSELECT "notes".* FROM "notes" /*action='index',application='RailsSystemsLab',controller='notes'*/[0m
  ↳ app/controllers/api/notes_controller.rb:7:in `map'
  [1m[36mUser Load (0.1ms)[0m  [1m[34mSELECT "users".* FROM "users" WHERE "users"."id" = 1 /*action='index',application='RailsSystemsLab',controller='notes'*/[0m
  ↳ app/controllers/api/notes_controller.rb:7:in `map'
  [1m[36mComment Load (0.1ms)[0m  [1m[34mSELECT "comments".* FROM "comments" WHERE "comments"."note_id" IN (2, 3, 4) /*action='index',application='RailsSystemsLab',controller='notes'*/[0m
  ↳ app/controllers/api/notes_controller.rb:7:in `map'
Completed 200 OK in 3ms (Views: 0.1ms | ActiveRecord: 0.2ms (3 queries, 0 cached) | GC: 0.0ms)


Started PATCH "/api/notes/2" for 127.0.0.1 at 2026-04-26 20:41:02 -0400
Processing by Api::NotesController#update as */*
  Parameters: {"note"=>{"status"=>"Pending"}, "id"=>"2"}
HTTP Origin header (http://localhost:5173) didn't match request.base_url (http://localhost:3000)
  [1m[36mNote Load (0.2ms)[0m  [1m[34mSELECT "notes".* FROM "notes" WHERE "notes"."id" = 2 LIMIT 1 /*action='update',application='RailsSystemsLab',controller='notes'*/[0m
  ↳ app/controllers/api/notes_controller.rb:27:in `update'
  [1m[36mComment Load (0.1ms)[0m  [1m[34mSELECT "comments".* FROM "comments" WHERE "comments"."note_id" = 2 /*action='update',application='RailsSystemsLab',controller='notes'*/[0m
  ↳ app/controllers/api/notes_controller.rb:58:in `map'
Completed 200 OK in 3ms (Views: 0.1ms | ActiveRecord: 0.2ms (2 queries, 0 cached) | GC: 0.3ms)


Started GET "/api/notes" for 127.0.0.1 at 2026-04-26 20:41:02 -0400
Processing by Api::NotesController#index as */*
  [1m[36mNote Load (0.2ms)[0m  [1m[34mSELECT "notes".* FROM "notes" /*action='index',application='RailsSystemsLab',controller='notes'*/[0m
  ↳ app/controllers/api/notes_controller.rb:7:in `map'
  [1m[36mUser Load (0.1ms)[0m  [1m[34mSELECT "users".* FROM "users" WHERE "users"."id" = 1 /*action='index',application='RailsSystemsLab',controller='notes'*/[0m
  ↳ app/controllers/api/notes_controller.rb:7:in `map'
  [1m[36mComment Load (0.1ms)[0m  [1m[34mSELECT "comments".* FROM "comments" WHERE "comments"."note_id" IN (2, 3, 4) /*action='index',application='RailsSystemsLab',controller='notes'*/[0m
  ↳ app/controllers/api/notes_controller.rb:7:in `map'
Completed 200 OK in 4ms (Views: 0.1ms | ActiveRecord: 0.3ms (3 queries, 0 cached) | GC: 0.3ms)


Started PATCH "/api/notes/2" for 127.0.0.1 at 2026-04-26 20:41:02 -0400
Processing by Api::NotesController#update as */*
  Parameters: {"note"=>{"status"=>"Pending"}, "id"=>"2"}
HTTP Origin header (http://localhost:5173) didn't match request.base_url (http://localhost:3000)
  [1m[36mNote Load (0.1ms)[0m  [1m[34mSELECT "notes".* FROM "notes" WHERE "notes"."id" = 2 LIMIT 1 /*action='update',application='RailsSystemsLab',controller='notes'*/[0m
  ↳ app/controllers/api/notes_controller.rb:27:in `update'
  [1m[36mComment Load (0.1ms)[0m  [1m[34mSELECT "comments".* FROM "comments" WHERE "comments"."note_id" = 2 /*action='update',application='RailsSystemsLab',controller='notes'*/[0m
  ↳ app/controllers/api/notes_controller.rb:58:in `map'
Completed 200 OK in 3ms (Views: 0.1ms | ActiveRecord: 0.2ms (2 queries, 0 cached) | GC: 0.0ms)


Started GET "/api/notes" for 127.0.0.1 at 2026-04-26 20:41:02 -0400
Processing by Api::NotesController#index as */*
  [1m[36mNote Load (0.1ms)[0m  [1m[34mSELECT "notes".* FROM "notes" /*action='index',application='RailsSystemsLab',controller='notes'*/[0m
  ↳ app/controllers/api/notes_controller.rb:7:in `map'
  [1m[36mUser Load (0.1ms)[0m  [1m[34mSELECT "users".* FROM "users" WHERE "users"."id" = 1 /*action='index',application='RailsSystemsLab',controller='notes'*/[0m
  ↳ app/controllers/api/notes_controller.rb:7:in `map'
  [1m[36mComment Load (0.1ms)[0m  [1m[34mSELECT "comments".* FROM "comments" WHERE "comments"."note_id" IN (2, 3, 4) /*action='index',application='RailsSystemsLab',controller='notes'*/[0m
  ↳ app/controllers/api/notes_controller.rb:7:in `map'
Completed 200 OK in 4ms (Views: 0.1ms | ActiveRecord: 0.3ms (3 queries, 0 cached) | GC: 0.0ms)


Started PATCH "/api/notes/2" for 127.0.0.1 at 2026-04-26 20:41:03 -0400
Processing by Api::NotesController#update as */*
  Parameters: {"note"=>{"status"=>"Pending"}, "id"=>"2"}
HTTP Origin header (http://localhost:5173) didn't match request.base_url (http://localhost:3000)
  [1m[36mNote Load (0.1ms)[0m  [1m[34mSELECT "notes".* FROM "notes" WHERE "notes"."id" = 2 LIMIT 1 /*action='update',application='RailsSystemsLab',controller='notes'*/[0m
  ↳ app/controllers/api/notes_controller.rb:27:in `update'
  [1m[36mComment Load (0.1ms)[0m  [1m[34mSELECT "comments".* FROM "comments" WHERE "comments"."note_id" = 2 /*action='update',application='RailsSystemsLab',controller='notes'*/[0m
  ↳ app/controllers/api/notes_controller.rb:58:in `map'
Completed 200 OK in 3ms (Views: 0.1ms | ActiveRecord: 0.2ms (2 queries, 0 cached) | GC: 0.0ms)


Started GET "/api/notes" for 127.0.0.1 at 2026-04-26 20:41:03 -0400
Processing by Api::NotesController#index as */*
  [1m[36mNote Load (0.1ms)[0m  [1m[34mSELECT "notes".* FROM "notes" /*action='index',application='RailsSystemsLab',controller='notes'*/[0m
  ↳ app/controllers/api/notes_controller.rb:7:in `map'
  [1m[36mUser Load (0.1ms)[0m  [1m[34mSELECT "users".* FROM "users" WHERE "users"."id" = 1 /*action='index',application='RailsSystemsLab',controller='notes'*/[0m
  ↳ app/controllers/api/notes_controller.rb:7:in `map'
  [1m[36mComment Load (0.1ms)[0m  [1m[34mSELECT "comments".* FROM "comments" WHERE "comments"."note_id" IN (2, 3, 4) /*action='index',application='RailsSystemsLab',controller='notes'*/[0m
  ↳ app/controllers/api/notes_controller.rb:7:in `map'
Completed 200 OK in 4ms (Views: 0.1ms | ActiveRecord: 0.3ms (3 queries, 0 cached) | GC: 0.0ms)


Started GET "/api/notes" for 127.0.0.1 at 2026-04-26 20:41:04 -0400
Processing by Api::NotesController#index as */*
  [1m[36mNote Load (0.2ms)[0m  [1m[34mSELECT "notes".* FROM "notes" /*action='index',application='RailsSystemsLab',controller='notes'*/[0m
  ↳ app/controllers/api/notes_controller.rb:7:in `map'
  [1m[36mUser Load (0.1ms)[0m  [1m[34mSELECT "users".* FROM "users" WHERE "users"."id" = 1 /*action='index',application='RailsSystemsLab',controller='notes'*/[0m
  ↳ app/controllers/api/notes_controller.rb:7:in `map'
  [1m[36mComment Load (0.1ms)[0m  [1m[34mSELECT "comments".* FROM "comments" WHERE "comments"."note_id" IN (2, 3, 4) /*action='index',application='RailsSystemsLab',controller='notes'*/[0m
  ↳ app/controllers/api/notes_controller.rb:7:in `map'
Completed 200 OK in 5ms (Views: 0.1ms | ActiveRecord: 0.4ms (3 queries, 0 cached) | GC: 0.0ms)


Started GET "/api/notes" for 127.0.0.1 at 2026-04-26 20:41:04 -0400
Processing by Api::NotesController#index as */*
  [1m[36mNote Load (0.2ms)[0m  [1m[34mSELECT "notes".* FROM "notes" /*action='index',application='RailsSystemsLab',controller='notes'*/[0m
  ↳ app/controllers/api/notes_controller.rb:7:in `map'
  [1m[36mUser Load (0.1ms)[0m  [1m[34mSELECT "users".* FROM "users" WHERE "users"."id" = 1 /*action='index',application='RailsSystemsLab',controller='notes'*/[0m
  ↳ app/controllers/api/notes_controller.rb:7:in `map'
  [1m[36mComment Load (0.1ms)[0m  [1m[34mSELECT "comments".* FROM "comments" WHERE "comments"."note_id" IN (2, 3, 4) /*action='index',application='RailsSystemsLab',controller='notes'*/[0m
  ↳ app/controllers/api/notes_controller.rb:7:in `map'
Completed 200 OK in 5ms (Views: 0.1ms | ActiveRecord: 0.4ms (3 queries, 0 cached) | GC: 0.6ms)


Started PATCH "/api/notes/2" for 127.0.0.1 at 2026-04-26 20:41:05 -0400
Processing by Api::NotesController#update as */*
  Parameters: {"note"=>{"status"=>"Pending"}, "id"=>"2"}
HTTP Origin header (http://localhost:5173) didn't match request.base_url (http://localhost:3000)
  [1m[36mNote Load (0.2ms)[0m  [1m[34mSELECT "notes".* FROM "notes" WHERE "notes"."id" = 2 LIMIT 1 /*action='update',application='RailsSystemsLab',controller='notes'*/[0m
  ↳ app/controllers/api/notes_controller.rb:27:in `update'
  [1m[36mComment Load (0.1ms)[0m  [1m[34mSELECT "comments".* FROM "comments" WHERE "comments"."note_id" = 2 /*action='update',application='RailsSystemsLab',controller='notes'*/[0m
  ↳ app/controllers/api/notes_controller.rb:58:in `map'
Completed 200 OK in 4ms (Views: 0.2ms | ActiveRecord: 0.2ms (2 queries, 0 cached) | GC: 0.7ms)


Started GET "/api/notes" for 127.0.0.1 at 2026-04-26 20:41:05 -0400
Processing by Api::NotesController#index as */*
  [1m[36mNote Load (0.2ms)[0m  [1m[34mSELECT "notes".* FROM "notes" /*action='index',application='RailsSystemsLab',controller='notes'*/[0m
  ↳ app/controllers/api/notes_controller.rb:7:in `map'
  [1m[36mUser Load (0.1ms)[0m  [1m[34mSELECT "users".* FROM "users" WHERE "users"."id" = 1 /*action='index',application='RailsSystemsLab',controller='notes'*/[0m
  ↳ app/controllers/api/notes_controller.rb:7:in `map'
  [1m[36mComment Load (0.1ms)[0m  [1m[34mSELECT "comments".* FROM "comments" WHERE "comments"."note_id" IN (2, 3, 4) /*action='index',application='RailsSystemsLab',controller='notes'*/[0m
  ↳ app/controllers/api/notes_controller.rb:7:in `map'
Completed 200 OK in 5ms (Views: 0.1ms | ActiveRecord: 0.3ms (3 queries, 0 cached) | GC: 0.6ms)


Started GET "/api/notes" for 127.0.0.1 at 2026-04-26 20:41:05 -0400
Processing by Api::NotesController#index as */*
  [1m[36mNote Load (0.6ms)[0m  [1m[34mSELECT "notes".* FROM "notes" /*action='index',application='RailsSystemsLab',controller='notes'*/[0m
  ↳ app/controllers/api/notes_controller.rb:7:in `map'
  [1m[36mUser Load (0.3ms)[0m  [1m[34mSELECT "users".* FROM "users" WHERE "users"."id" = 1 /*action='index',application='RailsSystemsLab',controller='notes'*/[0m
  ↳ app/controllers/api/notes_controller.rb:7:in `map'
  [1m[36mComment Load (0.3ms)[0m  [1m[34mSELECT "comments".* FROM "comments" WHERE "comments"."note_id" IN (2, 3, 4) /*action='index',application='RailsSystemsLab',controller='notes'*/[0m
  ↳ app/controllers/api/notes_controller.rb:7:in `map'
Completed 200 OK in 7ms (Views: 0.1ms | ActiveRecord: 1.1ms (3 queries, 0 cached) | GC: 0.3ms)


Started GET "/api/notes" for 127.0.0.1 at 2026-04-26 20:41:05 -0400
Processing by Api::NotesController#index as */*
  [1m[36mNote Load (0.2ms)[0m  [1m[34mSELECT "notes".* FROM "notes" /*action='index',application='RailsSystemsLab',controller='notes'*/[0m
  ↳ app/controllers/api/notes_controller.rb:7:in `map'
  [1m[36mUser Load (0.1ms)[0m  [1m[34mSELECT "users".* FROM "users" WHERE "users"."id" = 1 /*action='index',application='RailsSystemsLab',controller='notes'*/[0m
  ↳ app/controllers/api/notes_controller.rb:7:in `map'
  [1m[36mComment Load (0.1ms)[0m  [1m[34mSELECT "comments".* FROM "comments" WHERE "comments"."note_id" IN (2, 3, 4) /*action='index',application='RailsSystemsLab',controller='notes'*/[0m
  ↳ app/controllers/api/notes_controller.rb:7:in `map'
Completed 200 OK in 5ms (Views: 0.1ms | ActiveRecord: 0.3ms (3 queries, 0 cached) | GC: 0.2ms)


Started GET "/api/notes" for 127.0.0.1 at 2026-04-26 20:41:06 -0400
Processing by Api::NotesController#index as */*
  [1m[36mNote Load (0.2ms)[0m  [1m[34mSELECT "notes".* FROM "notes" /*action='index',application='RailsSystemsLab',controller='notes'*/[0m
  ↳ app/controllers/api/notes_controller.rb:7:in `map'
  [1m[36mUser Load (0.1ms)[0m  [1m[34mSELECT "users".* FROM "users" WHERE "users"."id" = 1 /*action='index',application='RailsSystemsLab',controller='notes'*/[0m
  ↳ app/controllers/api/notes_controller.rb:7:in `map'
  [1m[36mComment Load (0.2ms)[0m  [1m[34mSELECT "comments".* FROM "comments" WHERE "comments"."note_id" IN (2, 3, 4) /*action='index',application='RailsSystemsLab',controller='notes'*/[0m
  ↳ app/controllers/api/notes_controller.rb:7:in `map'
Completed 200 OK in 7ms (Views: 0.1ms | ActiveRecord: 0.5ms (3 queries, 0 cached) | GC: 0.6ms)


Started GET "/api/notes" for 127.0.0.1 at 2026-04-26 20:41:06 -0400
Processing by Api::NotesController#index as */*
  [1m[36mNote Load (0.2ms)[0m  [1m[34mSELECT "notes".* FROM "notes" /*action='index',application='RailsSystemsLab',controller='notes'*/[0m
  ↳ app/controllers/api/notes_controller.rb:7:in `map'
  [1m[36mUser Load (0.1ms)[0m  [1m[34mSELECT "users".* FROM "users" WHERE "users"."id" = 1 /*action='index',application='RailsSystemsLab',controller='notes'*/[0m
  ↳ app/controllers/api/notes_controller.rb:7:in `map'
  [1m[36mComment Load (0.1ms)[0m  [1m[34mSELECT "comments".* FROM "comments" WHERE "comments"."note_id" IN (2, 3, 4) /*action='index',application='RailsSystemsLab',controller='notes'*/[0m
  ↳ app/controllers/api/notes_controller.rb:7:in `map'
Completed 200 OK in 5ms (Views: 0.1ms | ActiveRecord: 0.3ms (3 queries, 0 cached) | GC: 0.0ms)


Started GET "/api/notes" for 127.0.0.1 at 2026-04-26 20:41:06 -0400
Processing by Api::NotesController#index as */*
  [1m[36mNote Load (0.2ms)[0m  [1m[34mSELECT "notes".* FROM "notes" /*action='index',application='RailsSystemsLab',controller='notes'*/[0m
  ↳ app/controllers/api/notes_controller.rb:7:in `map'
  [1m[36mUser Load (0.1ms)[0m  [1m[34mSELECT "users".* FROM "users" WHERE "users"."id" = 1 /*action='index',application='RailsSystemsLab',controller='notes'*/[0m
  ↳ app/controllers/api/notes_controller.rb:7:in `map'
  [1m[36mComment Load (0.1ms)[0m  [1m[34mSELECT "comments".* FROM "comments" WHERE "comments"."note_id" IN (2, 3, 4) /*action='index',application='RailsSystemsLab',controller='notes'*/[0m
  ↳ app/controllers/api/notes_controller.rb:7:in `map'
Completed 200 OK in 5ms (Views: 0.2ms | ActiveRecord: 0.4ms (3 queries, 0 cached) | GC: 0.0ms)


Started GET "/api/notes" for 127.0.0.1 at 2026-04-26 20:41:06 -0400
Processing by Api::NotesController#index as */*
  [1m[36mNote Load (0.2ms)[0m  [1m[34mSELECT "notes".* FROM "notes" /*action='index',application='RailsSystemsLab',controller='notes'*/[0m
  ↳ app/controllers/api/notes_controller.rb:7:in `map'
  [1m[36mUser Load (0.1ms)[0m  [1m[34mSELECT "users".* FROM "users" WHERE "users"."id" = 1 /*action='index',application='RailsSystemsLab',controller='notes'*/[0m
  ↳ app/controllers/api/notes_controller.rb:7:in `map'
  [1m[36mComment Load (0.1ms)[0m  [1m[34mSELECT "comments".* FROM "comments" WHERE "comments"."note_id" IN (2, 3, 4) /*action='index',application='RailsSystemsLab',controller='notes'*/[0m
  ↳ app/controllers/api/notes_controller.rb:7:in `map'
Completed 200 OK in 6ms (Views: 0.1ms | ActiveRecord: 0.4ms (3 queries, 0 cached) | GC: 0.4ms)


Started PATCH "/api/notes/4" for 127.0.0.1 at 2026-04-26 20:41:07 -0400
Processing by Api::NotesController#update as */*
  Parameters: {"note"=>{"status"=>"Done"}, "id"=>"4"}
HTTP Origin header (http://localhost:5173) didn't match request.base_url (http://localhost:3000)
  [1m[36mNote Load (0.1ms)[0m  [1m[34mSELECT "notes".* FROM "notes" WHERE "notes"."id" = 4 LIMIT 1 /*action='update',application='RailsSystemsLab',controller='notes'*/[0m
  ↳ app/controllers/api/notes_controller.rb:27:in `update'
  [1m[36mTRANSACTION (0.1ms)[0m  [1m[35mBEGIN immediate TRANSACTION /*action='update',application='RailsSystemsLab',controller='notes'*/[0m
  ↳ app/controllers/api/notes_controller.rb:28:in `update'
  [1m[36mNote Update (0.9ms)[0m  [1m[33mUPDATE "notes" SET "status" = 'Done', "updated_at" = '2026-04-27 00:41:07.304630' WHERE "notes"."id" = 4 /*action='update',application='RailsSystemsLab',controller='notes'*/[0m
  ↳ app/controllers/api/notes_controller.rb:28:in `update'
  [1m[36mTRANSACTION (0.1ms)[0m  [1m[35mCOMMIT TRANSACTION /*action='update',application='RailsSystemsLab',controller='notes'*/[0m
  ↳ app/controllers/api/notes_controller.rb:28:in `update'
  [1m[36mComment Load (0.1ms)[0m  [1m[34mSELECT "comments".* FROM "comments" WHERE "comments"."note_id" = 4 /*action='update',application='RailsSystemsLab',controller='notes'*/[0m
  ↳ app/controllers/api/notes_controller.rb:58:in `map'
Completed 200 OK in 6ms (Views: 0.1ms | ActiveRecord: 1.3ms (3 queries, 0 cached) | GC: 0.2ms)


Started GET "/api/notes" for 127.0.0.1 at 2026-04-26 20:41:07 -0400
Processing by Api::NotesController#index as */*
  [1m[36mNote Load (0.2ms)[0m  [1m[34mSELECT "notes".* FROM "notes" /*action='index',application='RailsSystemsLab',controller='notes'*/[0m
  ↳ app/controllers/api/notes_controller.rb:7:in `map'
  [1m[36mUser Load (0.1ms)[0m  [1m[34mSELECT "users".* FROM "users" WHERE "users"."id" = 1 /*action='index',application='RailsSystemsLab',controller='notes'*/[0m
  ↳ app/controllers/api/notes_controller.rb:7:in `map'
  [1m[36mComment Load (0.1ms)[0m  [1m[34mSELECT "comments".* FROM "comments" WHERE "comments"."note_id" IN (2, 3, 4) /*action='index',application='RailsSystemsLab',controller='notes'*/[0m
  ↳ app/controllers/api/notes_controller.rb:7:in `map'
Completed 200 OK in 4ms (Views: 0.1ms | ActiveRecord: 0.3ms (3 queries, 0 cached) | GC: 0.2ms)


Started GET "/api/notes" for 127.0.0.1 at 2026-04-26 20:41:07 -0400
Processing by Api::NotesController#index as */*
  [1m[36mNote Load (0.2ms)[0m  [1m[34mSELECT "notes".* FROM "notes" /*action='index',application='RailsSystemsLab',controller='notes'*/[0m
  ↳ app/controllers/api/notes_controller.rb:7:in `map'
  [1m[36mUser Load (0.2ms)[0m  [1m[34mSELECT "users".* FROM "users" WHERE "users"."id" = 1 /*action='index',application='RailsSystemsLab',controller='notes'*/[0m
  ↳ app/controllers/api/notes_controller.rb:7:in `map'
  [1m[36mComment Load (0.2ms)[0m  [1m[34mSELECT "comments".* FROM "comments" WHERE "comments"."note_id" IN (2, 3, 4) /*action='index',application='RailsSystemsLab',controller='notes'*/[0m
  ↳ app/controllers/api/notes_controller.rb:7:in `map'
Completed 200 OK in 6ms (Views: 0.2ms | ActiveRecord: 0.6ms (3 queries, 0 cached) | GC: 0.3ms)


Started GET "/api/notes" for 127.0.0.1 at 2026-04-26 20:41:07 -0400
Processing by Api::NotesController#index as */*
  [1m[36mNote Load (0.2ms)[0m  [1m[34mSELECT "notes".* FROM "notes" /*action='index',application='RailsSystemsLab',controller='notes'*/[0m
  ↳ app/controllers/api/notes_controller.rb:7:in `map'
  [1m[36mUser Load (0.1ms)[0m  [1m[34mSELECT "users".* FROM "users" WHERE "users"."id" = 1 /*action='index',application='RailsSystemsLab',controller='notes'*/[0m
  ↳ app/controllers/api/notes_controller.rb:7:in `map'
  [1m[36mComment Load (0.1ms)[0m  [1m[34mSELECT "comments".* FROM "comments" WHERE "comments"."note_id" IN (2, 3, 4) /*action='index',application='RailsSystemsLab',controller='notes'*/[0m
  ↳ app/controllers/api/notes_controller.rb:7:in `map'
Completed 200 OK in 5ms (Views: 0.1ms | ActiveRecord: 0.4ms (3 queries, 0 cached) | GC: 0.2ms)


Started PATCH "/api/notes/3" for 127.0.0.1 at 2026-04-26 20:41:08 -0400
Processing by Api::NotesController#update as */*
  Parameters: {"note"=>{"status"=>"Done"}, "id"=>"3"}
HTTP Origin header (http://localhost:5173) didn't match request.base_url (http://localhost:3000)
  [1m[36mNote Load (0.2ms)[0m  [1m[34mSELECT "notes".* FROM "notes" WHERE "notes"."id" = 3 LIMIT 1 /*action='update',application='RailsSystemsLab',controller='notes'*/[0m
  ↳ app/controllers/api/notes_controller.rb:27:in `update'
  [1m[36mTRANSACTION (0.0ms)[0m  [1m[35mBEGIN immediate TRANSACTION /*action='update',application='RailsSystemsLab',controller='notes'*/[0m
  ↳ app/controllers/api/notes_controller.rb:28:in `update'
  [1m[36mNote Update (1.0ms)[0m  [1m[33mUPDATE "notes" SET "status" = 'Done', "updated_at" = '2026-04-27 00:41:08.708844' WHERE "notes"."id" = 3 /*action='update',application='RailsSystemsLab',controller='notes'*/[0m
  ↳ app/controllers/api/notes_controller.rb:28:in `update'
  [1m[36mTRANSACTION (0.1ms)[0m  [1m[35mCOMMIT TRANSACTION /*action='update',application='RailsSystemsLab',controller='notes'*/[0m
  ↳ app/controllers/api/notes_controller.rb:28:in `update'
  [1m[36mUser Load (0.1ms)[0m  [1m[34mSELECT "users".* FROM "users" WHERE "users"."id" = 1 LIMIT 1 /*action='update',application='RailsSystemsLab',controller='notes'*/[0m
  ↳ app/controllers/api/notes_controller.rb:54:in `serialize_note'
  [1m[36mComment Load (0.1ms)[0m  [1m[34mSELECT "comments".* FROM "comments" WHERE "comments"."note_id" = 3 /*action='update',application='RailsSystemsLab',controller='notes'*/[0m
  ↳ app/controllers/api/notes_controller.rb:58:in `map'
Completed 200 OK in 6ms (Views: 0.1ms | ActiveRecord: 1.4ms (4 queries, 0 cached) | GC: 0.2ms)


Started GET "/api/notes" for 127.0.0.1 at 2026-04-26 20:41:08 -0400
Processing by Api::NotesController#index as */*
  [1m[36mNote Load (0.2ms)[0m  [1m[34mSELECT "notes".* FROM "notes" /*action='index',application='RailsSystemsLab',controller='notes'*/[0m
  ↳ app/controllers/api/notes_controller.rb:7:in `map'
  [1m[36mUser Load (0.1ms)[0m  [1m[34mSELECT "users".* FROM "users" WHERE "users"."id" = 1 /*action='index',application='RailsSystemsLab',controller='notes'*/[0m
  ↳ app/controllers/api/notes_controller.rb:7:in `map'
  [1m[36mComment Load (0.1ms)[0m  [1m[34mSELECT "comments".* FROM "comments" WHERE "comments"."note_id" IN (2, 3, 4) /*action='index',application='RailsSystemsLab',controller='notes'*/[0m
  ↳ app/controllers/api/notes_controller.rb:7:in `map'
Completed 200 OK in 4ms (Views: 0.1ms | ActiveRecord: 0.3ms (3 queries, 0 cached) | GC: 0.2ms)


Started GET "/api/notes" for 127.0.0.1 at 2026-04-26 20:41:09 -0400
Processing by Api::NotesController#index as */*
  [1m[36mNote Load (0.2ms)[0m  [1m[34mSELECT "notes".* FROM "notes" /*action='index',application='RailsSystemsLab',controller='notes'*/[0m
  ↳ app/controllers/api/notes_controller.rb:7:in `map'
  [1m[36mUser Load (0.2ms)[0m  [1m[34mSELECT "users".* FROM "users" WHERE "users"."id" = 1 /*action='index',application='RailsSystemsLab',controller='notes'*/[0m
  ↳ app/controllers/api/notes_controller.rb:7:in `map'
  [1m[36mComment Load (0.5ms)[0m  [1m[34mSELECT "comments".* FROM "comments" WHERE "comments"."note_id" IN (2, 3, 4) /*action='index',application='RailsSystemsLab',controller='notes'*/[0m
  ↳ app/controllers/api/notes_controller.rb:7:in `map'
Completed 200 OK in 12ms (Views: 0.2ms | ActiveRecord: 0.9ms (3 queries, 0 cached) | GC: 0.4ms)


Started GET "/api/notes" for 127.0.0.1 at 2026-04-26 20:41:09 -0400
Processing by Api::NotesController#index as */*
  [1m[36mNote Load (0.2ms)[0m  [1m[34mSELECT "notes".* FROM "notes" /*action='index',application='RailsSystemsLab',controller='notes'*/[0m
  ↳ app/controllers/api/notes_controller.rb:7:in `map'
  [1m[36mUser Load (0.1ms)[0m  [1m[34mSELECT "users".* FROM "users" WHERE "users"."id" = 1 /*action='index',application='RailsSystemsLab',controller='notes'*/[0m
  ↳ app/controllers/api/notes_controller.rb:7:in `map'
  [1m[36mComment Load (0.1ms)[0m  [1m[34mSELECT "comments".* FROM "comments" WHERE "comments"."note_id" IN (2, 3, 4) /*action='index',application='RailsSystemsLab',controller='notes'*/[0m
  ↳ app/controllers/api/notes_controller.rb:7:in `map'
Completed 200 OK in 6ms (Views: 0.1ms | ActiveRecord: 0.5ms (3 queries, 0 cached) | GC: 0.3ms)


Started PATCH "/api/notes/2" for 127.0.0.1 at 2026-04-26 20:41:09 -0400
Processing by Api::NotesController#update as */*
  Parameters: {"note"=>{"status"=>"Pending"}, "id"=>"2"}
HTTP Origin header (http://localhost:5173) didn't match request.base_url (http://localhost:3000)
  [1m[36mNote Load (0.1ms)[0m  [1m[34mSELECT "notes".* FROM "notes" WHERE "notes"."id" = 2 LIMIT 1 /*action='update',application='RailsSystemsLab',controller='notes'*/[0m
  ↳ app/controllers/api/notes_controller.rb:27:in `update'
  [1m[36mComment Load (0.1ms)[0m  [1m[34mSELECT "comments".* FROM "comments" WHERE "comments"."note_id" = 2 /*action='update',application='RailsSystemsLab',controller='notes'*/[0m
  ↳ app/controllers/api/notes_controller.rb:58:in `map'
Completed 200 OK in 3ms (Views: 0.1ms | ActiveRecord: 0.2ms (2 queries, 0 cached) | GC: 0.0ms)


Started GET "/api/notes" for 127.0.0.1 at 2026-04-26 20:41:09 -0400
Processing by Api::NotesController#index as */*
  [1m[36mNote Load (0.2ms)[0m  [1m[34mSELECT "notes".* FROM "notes" /*action='index',application='RailsSystemsLab',controller='notes'*/[0m
  ↳ app/controllers/api/notes_controller.rb:7:in `map'
  [1m[36mUser Load (0.1ms)[0m  [1m[34mSELECT "users".* FROM "users" WHERE "users"."id" = 1 /*action='index',application='RailsSystemsLab',controller='notes'*/[0m
  ↳ app/controllers/api/notes_controller.rb:7:in `map'
  [1m[36mComment Load (0.1ms)[0m  [1m[34mSELECT "comments".* FROM "comments" WHERE "comments"."note_id" IN (2, 3, 4) /*action='index',application='RailsSystemsLab',controller='notes'*/[0m
  ↳ app/controllers/api/notes_controller.rb:7:in `map'
Completed 200 OK in 4ms (Views: 0.1ms | ActiveRecord: 0.3ms (3 queries, 0 cached) | GC: 0.0ms)


Started GET "/api/notes" for 127.0.0.1 at 2026-04-26 20:41:10 -0400
Processing by Api::NotesController#index as */*
  [1m[36mNote Load (0.2ms)[0m  [1m[34mSELECT "notes".* FROM "notes" /*action='index',application='RailsSystemsLab',controller='notes'*/[0m
  ↳ app/controllers/api/notes_controller.rb:7:in `map'
  [1m[36mUser Load (0.1ms)[0m  [1m[34mSELECT "users".* FROM "users" WHERE "users"."id" = 1 /*action='index',application='RailsSystemsLab',controller='notes'*/[0m
  ↳ app/controllers/api/notes_controller.rb:7:in `map'
  [1m[36mComment Load (0.2ms)[0m  [1m[34mSELECT "comments".* FROM "comments" WHERE "comments"."note_id" IN (2, 3, 4) /*action='index',application='RailsSystemsLab',controller='notes'*/[0m
  ↳ app/controllers/api/notes_controller.rb:7:in `map'
Completed 200 OK in 6ms (Views: 0.2ms | ActiveRecord: 0.5ms (3 queries, 0 cached) | GC: 0.4ms)


Started GET "/api/notes" for 127.0.0.1 at 2026-04-26 20:41:10 -0400
Processing by Api::NotesController#index as */*
  [1m[36mNote Load (0.2ms)[0m  [1m[34mSELECT "notes".* FROM "notes" /*action='index',application='RailsSystemsLab',controller='notes'*/[0m
  ↳ app/controllers/api/notes_controller.rb:7:in `map'
  [1m[36mUser Load (0.2ms)[0m  [1m[34mSELECT "users".* FROM "users" WHERE "users"."id" = 1 /*action='index',application='RailsSystemsLab',controller='notes'*/[0m
  ↳ app/controllers/api/notes_controller.rb:7:in `map'
  [1m[36mComment Load (0.3ms)[0m  [1m[34mSELECT "comments".* FROM "comments" WHERE "comments"."note_id" IN (2, 3, 4) /*action='index',application='RailsSystemsLab',controller='notes'*/[0m
  ↳ app/controllers/api/notes_controller.rb:7:in `map'
Completed 200 OK in 7ms (Views: 0.2ms | ActiveRecord: 0.6ms (3 queries, 0 cached) | GC: 0.3ms)


Started PATCH "/api/notes/2" for 127.0.0.1 at 2026-04-26 20:41:10 -0400
Processing by Api::NotesController#update as */*
  Parameters: {"note"=>{"status"=>"Pending"}, "id"=>"2"}
HTTP Origin header (http://localhost:5173) didn't match request.base_url (http://localhost:3000)
  [1m[36mNote Load (0.2ms)[0m  [1m[34mSELECT "notes".* FROM "notes" WHERE "notes"."id" = 2 LIMIT 1 /*action='update',application='RailsSystemsLab',controller='notes'*/[0m
  ↳ app/controllers/api/notes_controller.rb:27:in `update'
  [1m[36mComment Load (0.1ms)[0m  [1m[34mSELECT "comments".* FROM "comments" WHERE "comments"."note_id" = 2 /*action='update',application='RailsSystemsLab',controller='notes'*/[0m
  ↳ app/controllers/api/notes_controller.rb:58:in `map'
Completed 200 OK in 3ms (Views: 0.1ms | ActiveRecord: 0.2ms (2 queries, 0 cached) | GC: 0.0ms)


Started GET "/api/notes" for 127.0.0.1 at 2026-04-26 20:41:10 -0400
Processing by Api::NotesController#index as */*
  [1m[36mNote Load (0.1ms)[0m  [1m[34mSELECT "notes".* FROM "notes" /*action='index',application='RailsSystemsLab',controller='notes'*/[0m
  ↳ app/controllers/api/notes_controller.rb:7:in `map'
  [1m[36mUser Load (0.1ms)[0m  [1m[34mSELECT "users".* FROM "users" WHERE "users"."id" = 1 /*action='index',application='RailsSystemsLab',controller='notes'*/[0m
  ↳ app/controllers/api/notes_controller.rb:7:in `map'
  [1m[36mComment Load (0.1ms)[0m  [1m[34mSELECT "comments".* FROM "comments" WHERE "comments"."note_id" IN (2, 3, 4) /*action='index',application='RailsSystemsLab',controller='notes'*/[0m
  ↳ app/controllers/api/notes_controller.rb:7:in `map'
Completed 200 OK in 3ms (Views: 0.1ms | ActiveRecord: 0.3ms (3 queries, 0 cached) | GC: 0.0ms)


Started PATCH "/api/notes/2" for 127.0.0.1 at 2026-04-26 20:41:11 -0400
Processing by Api::NotesController#update as */*
  Parameters: {"note"=>{"status"=>"Pending"}, "id"=>"2"}
HTTP Origin header (http://localhost:5173) didn't match request.base_url (http://localhost:3000)
  [1m[36mNote Load (0.1ms)[0m  [1m[34mSELECT "notes".* FROM "notes" WHERE "notes"."id" = 2 LIMIT 1 /*action='update',application='RailsSystemsLab',controller='notes'*/[0m
  ↳ app/controllers/api/notes_controller.rb:27:in `update'
  [1m[36mComment Load (0.1ms)[0m  [1m[34mSELECT "comments".* FROM "comments" WHERE "comments"."note_id" = 2 /*action='update',application='RailsSystemsLab',controller='notes'*/[0m
  ↳ app/controllers/api/notes_controller.rb:58:in `map'
Completed 200 OK in 3ms (Views: 0.1ms | ActiveRecord: 0.2ms (2 queries, 0 cached) | GC: 0.0ms)


Started GET "/api/notes" for 127.0.0.1 at 2026-04-26 20:41:11 -0400
Processing by Api::NotesController#index as */*
  [1m[36mNote Load (0.1ms)[0m  [1m[34mSELECT "notes".* FROM "notes" /*action='index',application='RailsSystemsLab',controller='notes'*/[0m
  ↳ app/controllers/api/notes_controller.rb:7:in `map'
  [1m[36mUser Load (0.1ms)[0m  [1m[34mSELECT "users".* FROM "users" WHERE "users"."id" = 1 /*action='index',application='RailsSystemsLab',controller='notes'*/[0m
  ↳ app/controllers/api/notes_controller.rb:7:in `map'
  [1m[36mComment Load (0.1ms)[0m  [1m[34mSELECT "comments".* FROM "comments" WHERE "comments"."note_id" IN (2, 3, 4) /*action='index',application='RailsSystemsLab',controller='notes'*/[0m
  ↳ app/controllers/api/notes_controller.rb:7:in `map'
Completed 200 OK in 5ms (Views: 0.1ms | ActiveRecord: 0.3ms (3 queries, 0 cached) | GC: 1.4ms)


Started PATCH "/api/notes/2" for 127.0.0.1 at 2026-04-26 20:41:12 -0400
Processing by Api::NotesController#update as */*
  Parameters: {"note"=>{"status"=>"Pending"}, "id"=>"2"}
HTTP Origin header (http://localhost:5173) didn't match request.base_url (http://localhost:3000)
  [1m[36mNote Load (0.2ms)[0m  [1m[34mSELECT "notes".* FROM "notes" WHERE "notes"."id" = 2 LIMIT 1 /*action='update',application='RailsSystemsLab',controller='notes'*/[0m
  ↳ app/controllers/api/notes_controller.rb:27:in `update'
  [1m[36mComment Load (0.1ms)[0m  [1m[34mSELECT "comments".* FROM "comments" WHERE "comments"."note_id" = 2 /*action='update',application='RailsSystemsLab',controller='notes'*/[0m
  ↳ app/controllers/api/notes_controller.rb:58:in `map'
Completed 200 OK in 4ms (Views: 0.1ms | ActiveRecord: 0.2ms (2 queries, 0 cached) | GC: 0.7ms)


Started GET "/api/notes" for 127.0.0.1 at 2026-04-26 20:41:12 -0400
Processing by Api::NotesController#index as */*
  [1m[36mNote Load (0.2ms)[0m  [1m[34mSELECT "notes".* FROM "notes" /*action='index',application='RailsSystemsLab',controller='notes'*/[0m
  ↳ app/controllers/api/notes_controller.rb:7:in `map'
  [1m[36mUser Load (0.1ms)[0m  [1m[34mSELECT "users".* FROM "users" WHERE "users"."id" = 1 /*action='index',application='RailsSystemsLab',controller='notes'*/[0m
  ↳ app/controllers/api/notes_controller.rb:7:in `map'
  [1m[36mComment Load (0.1ms)[0m  [1m[34mSELECT "comments".* FROM "comments" WHERE "comments"."note_id" IN (2, 3, 4) /*action='index',application='RailsSystemsLab',controller='notes'*/[0m
  ↳ app/controllers/api/notes_controller.rb:7:in `map'
Completed 200 OK in 5ms (Views: 0.2ms | ActiveRecord: 0.3ms (3 queries, 0 cached) | GC: 0.7ms)


Started PATCH "/api/notes/2" for 127.0.0.1 at 2026-04-26 20:41:12 -0400
Processing by Api::NotesController#update as */*
  Parameters: {"note"=>{"status"=>"Pending"}, "id"=>"2"}
HTTP Origin header (http://localhost:5173) didn't match request.base_url (http://localhost:3000)
  [1m[36mNote Load (0.2ms)[0m  [1m[34mSELECT "notes".* FROM "notes" WHERE "notes"."id" = 2 LIMIT 1 /*action='update',application='RailsSystemsLab',controller='notes'*/[0m
  ↳ app/controllers/api/notes_controller.rb:27:in `update'
  [1m[36mComment Load (0.1ms)[0m  [1m[34mSELECT "comments".* FROM "comments" WHERE "comments"."note_id" = 2 /*action='update',application='RailsSystemsLab',controller='notes'*/[0m
  ↳ app/controllers/api/notes_controller.rb:58:in `map'
Completed 200 OK in 3ms (Views: 0.1ms | ActiveRecord: 0.2ms (2 queries, 0 cached) | GC: 0.0ms)


Started GET "/api/notes" for 127.0.0.1 at 2026-04-26 20:41:12 -0400
Processing by Api::NotesController#index as */*
  [1m[36mNote Load (0.1ms)[0m  [1m[34mSELECT "notes".* FROM "notes" /*action='index',application='RailsSystemsLab',controller='notes'*/[0m
  ↳ app/controllers/api/notes_controller.rb:7:in `map'
  [1m[36mUser Load (0.1ms)[0m  [1m[34mSELECT "users".* FROM "users" WHERE "users"."id" = 1 /*action='index',application='RailsSystemsLab',controller='notes'*/[0m
  ↳ app/controllers/api/notes_controller.rb:7:in `map'
  [1m[36mComment Load (0.2ms)[0m  [1m[34mSELECT "comments".* FROM "comments" WHERE "comments"."note_id" IN (2, 3, 4) /*action='index',application='RailsSystemsLab',controller='notes'*/[0m
  ↳ app/controllers/api/notes_controller.rb:7:in `map'
Completed 200 OK in 4ms (Views: 0.1ms | ActiveRecord: 0.4ms (3 queries, 0 cached) | GC: 0.0ms)


Started PATCH "/api/notes/2" for 127.0.0.1 at 2026-04-26 20:41:12 -0400
Processing by Api::NotesController#update as */*
  Parameters: {"note"=>{"status"=>"Pending"}, "id"=>"2"}
HTTP Origin header (http://localhost:5173) didn't match request.base_url (http://localhost:3000)
  [1m[36mNote Load (0.1ms)[0m  [1m[34mSELECT "notes".* FROM "notes" WHERE "notes"."id" = 2 LIMIT 1 /*action='update',application='RailsSystemsLab',controller='notes'*/[0m
  ↳ app/controllers/api/notes_controller.rb:27:in `update'
  [1m[36mComment Load (0.1ms)[0m  [1m[34mSELECT "comments".* FROM "comments" WHERE "comments"."note_id" = 2 /*action='update',application='RailsSystemsLab',controller='notes'*/[0m
  ↳ app/controllers/api/notes_controller.rb:58:in `map'
Completed 200 OK in 3ms (Views: 0.1ms | ActiveRecord: 0.2ms (2 queries, 0 cached) | GC: 0.0ms)


Started GET "/api/notes" for 127.0.0.1 at 2026-04-26 20:41:12 -0400
Processing by Api::NotesController#index as */*
  [1m[36mNote Load (0.1ms)[0m  [1m[34mSELECT "notes".* FROM "notes" /*action='index',application='RailsSystemsLab',controller='notes'*/[0m
  ↳ app/controllers/api/notes_controller.rb:7:in `map'
  [1m[36mUser Load (0.1ms)[0m  [1m[34mSELECT "users".* FROM "users" WHERE "users"."id" = 1 /*action='index',application='RailsSystemsLab',controller='notes'*/[0m
  ↳ app/controllers/api/notes_controller.rb:7:in `map'
  [1m[36mComment Load (0.1ms)[0m  [1m[34mSELECT "comments".* FROM "comments" WHERE "comments"."note_id" IN (2, 3, 4) /*action='index',application='RailsSystemsLab',controller='notes'*/[0m
  ↳ app/controllers/api/notes_controller.rb:7:in `map'
Completed 200 OK in 4ms (Views: 0.1ms | ActiveRecord: 0.3ms (3 queries, 0 cached) | GC: 0.0ms)


Started PATCH "/api/notes/2" for 127.0.0.1 at 2026-04-26 20:41:12 -0400
Processing by Api::NotesController#update as */*
  Parameters: {"note"=>{"status"=>"Pending"}, "id"=>"2"}
HTTP Origin header (http://localhost:5173) didn't match request.base_url (http://localhost:3000)
  [1m[36mNote Load (0.2ms)[0m  [1m[34mSELECT "notes".* FROM "notes" WHERE "notes"."id" = 2 LIMIT 1 /*action='update',application='RailsSystemsLab',controller='notes'*/[0m
  ↳ app/controllers/api/notes_controller.rb:27:in `update'
  [1m[36mComment Load (0.1ms)[0m  [1m[34mSELECT "comments".* FROM "comments" WHERE "comments"."note_id" = 2 /*action='update',application='RailsSystemsLab',controller='notes'*/[0m
  ↳ app/controllers/api/notes_controller.rb:58:in `map'
Completed 200 OK in 3ms (Views: 0.1ms | ActiveRecord: 0.2ms (2 queries, 0 cached) | GC: 0.0ms)


Started GET "/api/notes" for 127.0.0.1 at 2026-04-26 20:41:12 -0400
Processing by Api::NotesController#index as */*
  [1m[36mNote Load (0.2ms)[0m  [1m[34mSELECT "notes".* FROM "notes" /*action='index',application='RailsSystemsLab',controller='notes'*/[0m
  ↳ app/controllers/api/notes_controller.rb:7:in `map'
  [1m[36mUser Load (0.1ms)[0m  [1m[34mSELECT "users".* FROM "users" WHERE "users"."id" = 1 /*action='index',application='RailsSystemsLab',controller='notes'*/[0m
  ↳ app/controllers/api/notes_controller.rb:7:in `map'
  [1m[36mComment Load (0.1ms)[0m  [1m[34mSELECT "comments".* FROM "comments" WHERE "comments"."note_id" IN (2, 3, 4) /*action='index',application='RailsSystemsLab',controller='notes'*/[0m
  ↳ app/controllers/api/notes_controller.rb:7:in `map'
Completed 200 OK in 4ms (Views: 0.1ms | ActiveRecord: 0.3ms (3 queries, 0 cached) | GC: 0.0ms)


Started PATCH "/api/notes/2" for 127.0.0.1 at 2026-04-26 20:41:12 -0400
Processing by Api::NotesController#update as */*
  Parameters: {"note"=>{"status"=>"Pending"}, "id"=>"2"}
HTTP Origin header (http://localhost:5173) didn't match request.base_url (http://localhost:3000)
  [1m[36mNote Load (0.2ms)[0m  [1m[34mSELECT "notes".* FROM "notes" WHERE "notes"."id" = 2 LIMIT 1 /*action='update',application='RailsSystemsLab',controller='notes'*/[0m
  ↳ app/controllers/api/notes_controller.rb:27:in `update'
  [1m[36mComment Load (0.1ms)[0m  [1m[34mSELECT "comments".* FROM "comments" WHERE "comments"."note_id" = 2 /*action='update',application='RailsSystemsLab',controller='notes'*/[0m
  ↳ app/controllers/api/notes_controller.rb:58:in `map'
Completed 200 OK in 3ms (Views: 0.1ms | ActiveRecord: 0.2ms (2 queries, 0 cached) | GC: 0.0ms)


Started GET "/api/notes" for 127.0.0.1 at 2026-04-26 20:41:12 -0400
Processing by Api::NotesController#index as */*
  [1m[36mNote Load (0.2ms)[0m  [1m[34mSELECT "notes".* FROM "notes" /*action='index',application='RailsSystemsLab',controller='notes'*/[0m
  ↳ app/controllers/api/notes_controller.rb:7:in `map'
  [1m[36mUser Load (0.1ms)[0m  [1m[34mSELECT "users".* FROM "users" WHERE "users"."id" = 1 /*action='index',application='RailsSystemsLab',controller='notes'*/[0m
  ↳ app/controllers/api/notes_controller.rb:7:in `map'
  [1m[36mComment Load (0.1ms)[0m  [1m[34mSELECT "comments".* FROM "comments" WHERE "comments"."note_id" IN (2, 3, 4) /*action='index',application='RailsSystemsLab',controller='notes'*/[0m
  ↳ app/controllers/api/notes_controller.rb:7:in `map'
Completed 200 OK in 5ms (Views: 0.1ms | ActiveRecord: 0.4ms (3 queries, 0 cached) | GC: 0.0ms)


Started PATCH "/api/notes/2" for 127.0.0.1 at 2026-04-26 20:41:18 -0400
Processing by Api::NotesController#update as */*
  Parameters: {"note"=>{"status"=>"Pending"}, "id"=>"2"}
HTTP Origin header (http://localhost:5173) didn't match request.base_url (http://localhost:3000)
  [1m[36mNote Load (0.2ms)[0m  [1m[34mSELECT "notes".* FROM "notes" WHERE "notes"."id" = 2 LIMIT 1 /*action='update',application='RailsSystemsLab',controller='notes'*/[0m
  ↳ app/controllers/api/notes_controller.rb:27:in `update'
  [1m[36mComment Load (0.1ms)[0m  [1m[34mSELECT "comments".* FROM "comments" WHERE "comments"."note_id" = 2 /*action='update',application='RailsSystemsLab',controller='notes'*/[0m
  ↳ app/controllers/api/notes_controller.rb:58:in `map'
Completed 200 OK in 4ms (Views: 0.1ms | ActiveRecord: 0.3ms (2 queries, 0 cached) | GC: 0.0ms)


Started GET "/api/notes" for 127.0.0.1 at 2026-04-26 20:41:18 -0400
Processing by Api::NotesController#index as */*
  [1m[36mNote Load (0.3ms)[0m  [1m[34mSELECT "notes".* FROM "notes" /*action='index',application='RailsSystemsLab',controller='notes'*/[0m
  ↳ app/controllers/api/notes_controller.rb:7:in `map'
  [1m[36mUser Load (0.2ms)[0m  [1m[34mSELECT "users".* FROM "users" WHERE "users"."id" = 1 /*action='index',application='RailsSystemsLab',controller='notes'*/[0m
  ↳ app/controllers/api/notes_controller.rb:7:in `map'
  [1m[36mComment Load (0.2ms)[0m  [1m[34mSELECT "comments".* FROM "comments" WHERE "comments"."note_id" IN (2, 3, 4) /*action='index',application='RailsSystemsLab',controller='notes'*/[0m
  ↳ app/controllers/api/notes_controller.rb:7:in `map'
Completed 200 OK in 8ms (Views: 0.2ms | ActiveRecord: 0.6ms (3 queries, 0 cached) | GC: 0.3ms)


Started PATCH "/api/notes/2" for 127.0.0.1 at 2026-04-26 20:41:18 -0400
Processing by Api::NotesController#update as */*
  Parameters: {"note"=>{"status"=>"Pending"}, "id"=>"2"}
HTTP Origin header (http://localhost:5173) didn't match request.base_url (http://localhost:3000)
  [1m[36mNote Load (0.2ms)[0m  [1m[34mSELECT "notes".* FROM "notes" WHERE "notes"."id" = 2 LIMIT 1 /*action='update',application='RailsSystemsLab',controller='notes'*/[0m
  ↳ app/controllers/api/notes_controller.rb:27:in `update'
  [1m[36mComment Load (0.1ms)[0m  [1m[34mSELECT "comments".* FROM "comments" WHERE "comments"."note_id" = 2 /*action='update',application='RailsSystemsLab',controller='notes'*/[0m
  ↳ app/controllers/api/notes_controller.rb:58:in `map'
Completed 200 OK in 5ms (Views: 0.2ms | ActiveRecord: 0.3ms (2 queries, 0 cached) | GC: 0.0ms)


Started GET "/api/notes" for 127.0.0.1 at 2026-04-26 20:41:18 -0400
Processing by Api::NotesController#index as */*
  [1m[36mNote Load (0.2ms)[0m  [1m[34mSELECT "notes".* FROM "notes" /*action='index',application='RailsSystemsLab',controller='notes'*/[0m
  ↳ app/controllers/api/notes_controller.rb:7:in `map'
  [1m[36mUser Load (0.1ms)[0m  [1m[34mSELECT "users".* FROM "users" WHERE "users"."id" = 1 /*action='index',application='RailsSystemsLab',controller='notes'*/[0m
  ↳ app/controllers/api/notes_controller.rb:7:in `map'
  [1m[36mComment Load (0.1ms)[0m  [1m[34mSELECT "comments".* FROM "comments" WHERE "comments"."note_id" IN (2, 3, 4) /*action='index',application='RailsSystemsLab',controller='notes'*/[0m
  ↳ app/controllers/api/notes_controller.rb:7:in `map'
Completed 200 OK in 4ms (Views: 0.1ms | ActiveRecord: 0.3ms (3 queries, 0 cached) | GC: 0.0ms)


Started PATCH "/api/notes/2" for 127.0.0.1 at 2026-04-26 20:41:18 -0400
Processing by Api::NotesController#update as */*
  Parameters: {"note"=>{"status"=>"Pending"}, "id"=>"2"}
HTTP Origin header (http://localhost:5173) didn't match request.base_url (http://localhost:3000)
  [1m[36mNote Load (0.2ms)[0m  [1m[34mSELECT "notes".* FROM "notes" WHERE "notes"."id" = 2 LIMIT 1 /*action='update',application='RailsSystemsLab',controller='notes'*/[0m
  ↳ app/controllers/api/notes_controller.rb:27:in `update'
  [1m[36mComment Load (0.1ms)[0m  [1m[34mSELECT "comments".* FROM "comments" WHERE "comments"."note_id" = 2 /*action='update',application='RailsSystemsLab',controller='notes'*/[0m
  ↳ app/controllers/api/notes_controller.rb:58:in `map'
Completed 200 OK in 3ms (Views: 0.1ms | ActiveRecord: 0.2ms (2 queries, 0 cached) | GC: 0.0ms)


Started GET "/api/notes" for 127.0.0.1 at 2026-04-26 20:41:18 -0400
Processing by Api::NotesController#index as */*
  [1m[36mNote Load (0.2ms)[0m  [1m[34mSELECT "notes".* FROM "notes" /*action='index',application='RailsSystemsLab',controller='notes'*/[0m
  ↳ app/controllers/api/notes_controller.rb:7:in `map'
  [1m[36mUser Load (0.1ms)[0m  [1m[34mSELECT "users".* FROM "users" WHERE "users"."id" = 1 /*action='index',application='RailsSystemsLab',controller='notes'*/[0m
  ↳ app/controllers/api/notes_controller.rb:7:in `map'
  [1m[36mComment Load (0.1ms)[0m  [1m[34mSELECT "comments".* FROM "comments" WHERE "comments"."note_id" IN (2, 3, 4) /*action='index',application='RailsSystemsLab',controller='notes'*/[0m
  ↳ app/controllers/api/notes_controller.rb:7:in `map'
Completed 200 OK in 5ms (Views: 0.1ms | ActiveRecord: 0.4ms (3 queries, 0 cached) | GC: 0.4ms)


Started PATCH "/api/notes/2" for 127.0.0.1 at 2026-04-26 20:41:55 -0400
Processing by Api::NotesController#update as */*
  Parameters: {"note"=>{"status"=>"Pending"}, "id"=>"2"}
HTTP Origin header (http://localhost:5173) didn't match request.base_url (http://localhost:3000)
  [1m[36mNote Load (0.2ms)[0m  [1m[34mSELECT "notes".* FROM "notes" WHERE "notes"."id" = 2 LIMIT 1 /*action='update',application='RailsSystemsLab',controller='notes'*/[0m
  ↳ app/controllers/api/notes_controller.rb:27:in `update'
  [1m[36mComment Load (0.2ms)[0m  [1m[34mSELECT "comments".* FROM "comments" WHERE "comments"."note_id" = 2 /*action='update',application='RailsSystemsLab',controller='notes'*/[0m
  ↳ app/controllers/api/notes_controller.rb:58:in `map'
Completed 200 OK in 6ms (Views: 0.1ms | ActiveRecord: 0.4ms (2 queries, 0 cached) | GC: 0.5ms)


Started GET "/api/notes" for 127.0.0.1 at 2026-04-26 20:41:55 -0400
Processing by Api::NotesController#index as */*
  [1m[36mNote Load (0.2ms)[0m  [1m[34mSELECT "notes".* FROM "notes" /*action='index',application='RailsSystemsLab',controller='notes'*/[0m
  ↳ app/controllers/api/notes_controller.rb:7:in `map'
  [1m[36mUser Load (0.2ms)[0m  [1m[34mSELECT "users".* FROM "users" WHERE "users"."id" = 1 /*action='index',application='RailsSystemsLab',controller='notes'*/[0m
  ↳ app/controllers/api/notes_controller.rb:7:in `map'
  [1m[36mComment Load (0.2ms)[0m  [1m[34mSELECT "comments".* FROM "comments" WHERE "comments"."note_id" IN (2, 3, 4) /*action='index',application='RailsSystemsLab',controller='notes'*/[0m
  ↳ app/controllers/api/notes_controller.rb:7:in `map'
Completed 200 OK in 6ms (Views: 0.1ms | ActiveRecord: 0.6ms (3 queries, 0 cached) | GC: 0.4ms)


Started PATCH "/api/notes/2" for 127.0.0.1 at 2026-04-26 20:42:22 -0400
Processing by Api::NotesController#update as */*
  Parameters: {"note"=>{"status"=>"Pending"}, "id"=>"2"}
HTTP Origin header (http://localhost:5173) didn't match request.base_url (http://localhost:3000)
  [1m[36mNote Load (0.3ms)[0m  [1m[34mSELECT "notes".* FROM "notes" WHERE "notes"."id" = 2 LIMIT 1 /*action='update',application='RailsSystemsLab',controller='notes'*/[0m
  ↳ app/controllers/api/notes_controller.rb:27:in `update'
  [1m[36mComment Load (0.1ms)[0m  [1m[34mSELECT "comments".* FROM "comments" WHERE "comments"."note_id" = 2 /*action='update',application='RailsSystemsLab',controller='notes'*/[0m
  ↳ app/controllers/api/notes_controller.rb:58:in `map'
Completed 200 OK in 5ms (Views: 0.2ms | ActiveRecord: 0.4ms (2 queries, 0 cached) | GC: 0.0ms)


Started GET "/api/notes" for 127.0.0.1 at 2026-04-26 20:42:22 -0400
Processing by Api::NotesController#index as */*
  [1m[36mNote Load (0.2ms)[0m  [1m[34mSELECT "notes".* FROM "notes" /*action='index',application='RailsSystemsLab',controller='notes'*/[0m
  ↳ app/controllers/api/notes_controller.rb:7:in `map'
  [1m[36mUser Load (0.1ms)[0m  [1m[34mSELECT "users".* FROM "users" WHERE "users"."id" = 1 /*action='index',application='RailsSystemsLab',controller='notes'*/[0m
  ↳ app/controllers/api/notes_controller.rb:7:in `map'
  [1m[36mComment Load (0.1ms)[0m  [1m[34mSELECT "comments".* FROM "comments" WHERE "comments"."note_id" IN (2, 3, 4) /*action='index',application='RailsSystemsLab',controller='notes'*/[0m
  ↳ app/controllers/api/notes_controller.rb:7:in `map'
Completed 200 OK in 5ms (Views: 0.1ms | ActiveRecord: 0.4ms (3 queries, 0 cached) | GC: 0.0ms)


Started PATCH "/api/notes/2" for 127.0.0.1 at 2026-04-26 20:42:22 -0400
Processing by Api::NotesController#update as */*
  Parameters: {"note"=>{"status"=>"Pending"}, "id"=>"2"}
HTTP Origin header (http://localhost:5173) didn't match request.base_url (http://localhost:3000)
  [1m[36mNote Load (0.2ms)[0m  [1m[34mSELECT "notes".* FROM "notes" WHERE "notes"."id" = 2 LIMIT 1 /*action='update',application='RailsSystemsLab',controller='notes'*/[0m
  ↳ app/controllers/api/notes_controller.rb:27:in `update'
  [1m[36mComment Load (0.1ms)[0m  [1m[34mSELECT "comments".* FROM "comments" WHERE "comments"."note_id" = 2 /*action='update',application='RailsSystemsLab',controller='notes'*/[0m
  ↳ app/controllers/api/notes_controller.rb:58:in `map'
Completed 200 OK in 3ms (Views: 0.1ms | ActiveRecord: 0.3ms (2 queries, 0 cached) | GC: 0.0ms)


Started GET "/api/notes" for 127.0.0.1 at 2026-04-26 20:42:22 -0400
Processing by Api::NotesController#index as */*
  [1m[36mNote Load (0.2ms)[0m  [1m[34mSELECT "notes".* FROM "notes" /*action='index',application='RailsSystemsLab',controller='notes'*/[0m
  ↳ app/controllers/api/notes_controller.rb:7:in `map'
  [1m[36mUser Load (0.1ms)[0m  [1m[34mSELECT "users".* FROM "users" WHERE "users"."id" = 1 /*action='index',application='RailsSystemsLab',controller='notes'*/[0m
  ↳ app/controllers/api/notes_controller.rb:7:in `map'
  [1m[36mComment Load (0.1ms)[0m  [1m[34mSELECT "comments".* FROM "comments" WHERE "comments"."note_id" IN (2, 3, 4) /*action='index',application='RailsSystemsLab',controller='notes'*/[0m
  ↳ app/controllers/api/notes_controller.rb:7:in `map'
Completed 200 OK in 5ms (Views: 0.1ms | ActiveRecord: 0.4ms (3 queries, 0 cached) | GC: 0.4ms)


Started PATCH "/api/notes/2" for 127.0.0.1 at 2026-04-26 20:42:22 -0400
Processing by Api::NotesController#update as */*
  Parameters: {"note"=>{"status"=>"Pending"}, "id"=>"2"}
HTTP Origin header (http://localhost:5173) didn't match request.base_url (http://localhost:3000)
  [1m[36mNote Load (0.1ms)[0m  [1m[34mSELECT "notes".* FROM "notes" WHERE "notes"."id" = 2 LIMIT 1 /*action='update',application='RailsSystemsLab',controller='notes'*/[0m
  ↳ app/controllers/api/notes_controller.rb:27:in `update'
  [1m[36mComment Load (0.1ms)[0m  [1m[34mSELECT "comments".* FROM "comments" WHERE "comments"."note_id" = 2 /*action='update',application='RailsSystemsLab',controller='notes'*/[0m
  ↳ app/controllers/api/notes_controller.rb:58:in `map'
Completed 200 OK in 3ms (Views: 0.1ms | ActiveRecord: 0.2ms (2 queries, 0 cached) | GC: 0.1ms)


Started GET "/api/notes" for 127.0.0.1 at 2026-04-26 20:42:22 -0400
Processing by Api::NotesController#index as */*
  [1m[36mNote Load (0.1ms)[0m  [1m[34mSELECT "notes".* FROM "notes" /*action='index',application='RailsSystemsLab',controller='notes'*/[0m
  ↳ app/controllers/api/notes_controller.rb:7:in `map'
  [1m[36mUser Load (0.1ms)[0m  [1m[34mSELECT "users".* FROM "users" WHERE "users"."id" = 1 /*action='index',application='RailsSystemsLab',controller='notes'*/[0m
  ↳ app/controllers/api/notes_controller.rb:7:in `map'
  [1m[36mComment Load (0.1ms)[0m  [1m[34mSELECT "comments".* FROM "comments" WHERE "comments"."note_id" IN (2, 3, 4) /*action='index',application='RailsSystemsLab',controller='notes'*/[0m
  ↳ app/controllers/api/notes_controller.rb:7:in `map'
Completed 200 OK in 4ms (Views: 0.1ms | ActiveRecord: 0.3ms (3 queries, 0 cached) | GC: 0.0ms)


Started PATCH "/api/notes/2" for 127.0.0.1 at 2026-04-26 20:42:23 -0400
Processing by Api::NotesController#update as */*
  Parameters: {"note"=>{"status"=>"Pending"}, "id"=>"2"}
HTTP Origin header (http://localhost:5173) didn't match request.base_url (http://localhost:3000)
  [1m[36mNote Load (0.1ms)[0m  [1m[34mSELECT "notes".* FROM "notes" WHERE "notes"."id" = 2 LIMIT 1 /*action='update',application='RailsSystemsLab',controller='notes'*/[0m
  ↳ app/controllers/api/notes_controller.rb:27:in `update'
  [1m[36mComment Load (0.1ms)[0m  [1m[34mSELECT "comments".* FROM "comments" WHERE "comments"."note_id" = 2 /*action='update',application='RailsSystemsLab',controller='notes'*/[0m
  ↳ app/controllers/api/notes_controller.rb:58:in `map'
Completed 200 OK in 3ms (Views: 0.1ms | ActiveRecord: 0.2ms (2 queries, 0 cached) | GC: 0.0ms)


Started GET "/api/notes" for 127.0.0.1 at 2026-04-26 20:42:23 -0400
Processing by Api::NotesController#index as */*
  [1m[36mNote Load (0.2ms)[0m  [1m[34mSELECT "notes".* FROM "notes" /*action='index',application='RailsSystemsLab',controller='notes'*/[0m
  ↳ app/controllers/api/notes_controller.rb:7:in `map'
  [1m[36mUser Load (0.1ms)[0m  [1m[34mSELECT "users".* FROM "users" WHERE "users"."id" = 1 /*action='index',application='RailsSystemsLab',controller='notes'*/[0m
  ↳ app/controllers/api/notes_controller.rb:7:in `map'
  [1m[36mComment Load (0.1ms)[0m  [1m[34mSELECT "comments".* FROM "comments" WHERE "comments"."note_id" IN (2, 3, 4) /*action='index',application='RailsSystemsLab',controller='notes'*/[0m
  ↳ app/controllers/api/notes_controller.rb:7:in `map'
Completed 200 OK in 4ms (Views: 0.1ms | ActiveRecord: 0.4ms (3 queries, 0 cached) | GC: 0.0ms)


Started PATCH "/api/notes/2" for 127.0.0.1 at 2026-04-26 20:42:24 -0400
Processing by Api::NotesController#update as */*
  Parameters: {"note"=>{"status"=>"Pending"}, "id"=>"2"}
HTTP Origin header (http://localhost:5173) didn't match request.base_url (http://localhost:3000)
  [1m[36mNote Load (0.2ms)[0m  [1m[34mSELECT "notes".* FROM "notes" WHERE "notes"."id" = 2 LIMIT 1 /*action='update',application='RailsSystemsLab',controller='notes'*/[0m
  ↳ app/controllers/api/notes_controller.rb:27:in `update'
  [1m[36mComment Load (0.1ms)[0m  [1m[34mSELECT "comments".* FROM "comments" WHERE "comments"."note_id" = 2 /*action='update',application='RailsSystemsLab',controller='notes'*/[0m
  ↳ app/controllers/api/notes_controller.rb:58:in `map'
Completed 200 OK in 4ms (Views: 0.1ms | ActiveRecord: 0.3ms (2 queries, 0 cached) | GC: 0.0ms)


Started GET "/api/notes" for 127.0.0.1 at 2026-04-26 20:42:24 -0400
Processing by Api::NotesController#index as */*
  [1m[36mNote Load (0.2ms)[0m  [1m[34mSELECT "notes".* FROM "notes" /*action='index',application='RailsSystemsLab',controller='notes'*/[0m
  ↳ app/controllers/api/notes_controller.rb:7:in `map'
  [1m[36mUser Load (0.2ms)[0m  [1m[34mSELECT "users".* FROM "users" WHERE "users"."id" = 1 /*action='index',application='RailsSystemsLab',controller='notes'*/[0m
  ↳ app/controllers/api/notes_controller.rb:7:in `map'
  [1m[36mComment Load (0.2ms)[0m  [1m[34mSELECT "comments".* FROM "comments" WHERE "comments"."note_id" IN (2, 3, 4) /*action='index',application='RailsSystemsLab',controller='notes'*/[0m
  ↳ app/controllers/api/notes_controller.rb:7:in `map'
Completed 200 OK in 6ms (Views: 0.1ms | ActiveRecord: 0.6ms (3 queries, 0 cached) | GC: 0.0ms)


Started PATCH "/api/notes/2" for 127.0.0.1 at 2026-04-26 20:42:24 -0400
Processing by Api::NotesController#update as */*
  Parameters: {"note"=>{"status"=>"Pending"}, "id"=>"2"}
HTTP Origin header (http://localhost:5173) didn't match request.base_url (http://localhost:3000)
  [1m[36mNote Load (0.1ms)[0m  [1m[34mSELECT "notes".* FROM "notes" WHERE "notes"."id" = 2 LIMIT 1 /*action='update',application='RailsSystemsLab',controller='notes'*/[0m
  ↳ app/controllers/api/notes_controller.rb:27:in `update'
  [1m[36mComment Load (0.1ms)[0m  [1m[34mSELECT "comments".* FROM "comments" WHERE "comments"."note_id" = 2 /*action='update',application='RailsSystemsLab',controller='notes'*/[0m
  ↳ app/controllers/api/notes_controller.rb:58:in `map'
Completed 200 OK in 3ms (Views: 0.1ms | ActiveRecord: 0.2ms (2 queries, 0 cached) | GC: 0.0ms)


Started GET "/api/notes" for 127.0.0.1 at 2026-04-26 20:42:24 -0400
Processing by Api::NotesController#index as */*
  [1m[36mNote Load (0.2ms)[0m  [1m[34mSELECT "notes".* FROM "notes" /*action='index',application='RailsSystemsLab',controller='notes'*/[0m
  ↳ app/controllers/api/notes_controller.rb:7:in `map'
  [1m[36mUser Load (0.2ms)[0m  [1m[34mSELECT "users".* FROM "users" WHERE "users"."id" = 1 /*action='index',application='RailsSystemsLab',controller='notes'*/[0m
  ↳ app/controllers/api/notes_controller.rb:7:in `map'
  [1m[36mComment Load (0.1ms)[0m  [1m[34mSELECT "comments".* FROM "comments" WHERE "comments"."note_id" IN (2, 3, 4) /*action='index',application='RailsSystemsLab',controller='notes'*/[0m
  ↳ app/controllers/api/notes_controller.rb:7:in `map'
Completed 200 OK in 6ms (Views: 0.2ms | ActiveRecord: 0.4ms (3 queries, 0 cached) | GC: 0.6ms)


Started PATCH "/api/notes/2" for 127.0.0.1 at 2026-04-26 20:42:25 -0400
Processing by Api::NotesController#update as */*
  Parameters: {"note"=>{"status"=>"Pending"}, "id"=>"2"}
HTTP Origin header (http://localhost:5173) didn't match request.base_url (http://localhost:3000)
  [1m[36mNote Load (0.2ms)[0m  [1m[34mSELECT "notes".* FROM "notes" WHERE "notes"."id" = 2 LIMIT 1 /*action='update',application='RailsSystemsLab',controller='notes'*/[0m
  ↳ app/controllers/api/notes_controller.rb:27:in `update'
  [1m[36mComment Load (0.1ms)[0m  [1m[34mSELECT "comments".* FROM "comments" WHERE "comments"."note_id" = 2 /*action='update',application='RailsSystemsLab',controller='notes'*/[0m
  ↳ app/controllers/api/notes_controller.rb:58:in `map'
Completed 200 OK in 5ms (Views: 0.1ms | ActiveRecord: 0.3ms (2 queries, 0 cached) | GC: 0.6ms)


Started GET "/api/notes" for 127.0.0.1 at 2026-04-26 20:42:25 -0400
Processing by Api::NotesController#index as */*
  [1m[36mNote Load (0.2ms)[0m  [1m[34mSELECT "notes".* FROM "notes" /*action='index',application='RailsSystemsLab',controller='notes'*/[0m
  ↳ app/controllers/api/notes_controller.rb:7:in `map'
  [1m[36mUser Load (0.4ms)[0m  [1m[34mSELECT "users".* FROM "users" WHERE "users"."id" = 1 /*action='index',application='RailsSystemsLab',controller='notes'*/[0m
  ↳ app/controllers/api/notes_controller.rb:7:in `map'
  [1m[36mComment Load (0.3ms)[0m  [1m[34mSELECT "comments".* FROM "comments" WHERE "comments"."note_id" IN (2, 3, 4) /*action='index',application='RailsSystemsLab',controller='notes'*/[0m
  ↳ app/controllers/api/notes_controller.rb:7:in `map'
Completed 200 OK in 5ms (Views: 0.1ms | ActiveRecord: 0.8ms (3 queries, 0 cached) | GC: 0.2ms)


Started PATCH "/api/notes/2" for 127.0.0.1 at 2026-04-26 20:42:27 -0400
Processing by Api::NotesController#update as */*
  Parameters: {"note"=>{"status"=>"Pending"}, "id"=>"2"}
HTTP Origin header (http://localhost:5173) didn't match request.base_url (http://localhost:3000)
  [1m[36mNote Load (0.2ms)[0m  [1m[34mSELECT "notes".* FROM "notes" WHERE "notes"."id" = 2 LIMIT 1 /*action='update',application='RailsSystemsLab',controller='notes'*/[0m
  ↳ app/controllers/api/notes_controller.rb:27:in `update'
  [1m[36mComment Load (0.1ms)[0m  [1m[34mSELECT "comments".* FROM "comments" WHERE "comments"."note_id" = 2 /*action='update',application='RailsSystemsLab',controller='notes'*/[0m
  ↳ app/controllers/api/notes_controller.rb:58:in `map'
Completed 200 OK in 3ms (Views: 0.1ms | ActiveRecord: 0.2ms (2 queries, 0 cached) | GC: 0.2ms)


Started GET "/api/notes" for 127.0.0.1 at 2026-04-26 20:42:27 -0400
Processing by Api::NotesController#index as */*
  [1m[36mNote Load (0.2ms)[0m  [1m[34mSELECT "notes".* FROM "notes" /*action='index',application='RailsSystemsLab',controller='notes'*/[0m
  ↳ app/controllers/api/notes_controller.rb:7:in `map'
  [1m[36mUser Load (0.2ms)[0m  [1m[34mSELECT "users".* FROM "users" WHERE "users"."id" = 1 /*action='index',application='RailsSystemsLab',controller='notes'*/[0m
  ↳ app/controllers/api/notes_controller.rb:7:in `map'
  [1m[36mComment Load (0.1ms)[0m  [1m[34mSELECT "comments".* FROM "comments" WHERE "comments"."note_id" IN (2, 3, 4) /*action='index',application='RailsSystemsLab',controller='notes'*/[0m
  ↳ app/controllers/api/notes_controller.rb:7:in `map'
Completed 200 OK in 5ms (Views: 0.1ms | ActiveRecord: 0.4ms (3 queries, 0 cached) | GC: 0.3ms)


Started PATCH "/api/notes/3" for 127.0.0.1 at 2026-04-26 20:42:29 -0400
Processing by Api::NotesController#update as */*
  Parameters: {"note"=>{"status"=>"Pending"}, "id"=>"3"}
HTTP Origin header (http://localhost:5173) didn't match request.base_url (http://localhost:3000)
  [1m[36mNote Load (0.3ms)[0m  [1m[34mSELECT "notes".* FROM "notes" WHERE "notes"."id" = 3 LIMIT 1 /*action='update',application='RailsSystemsLab',controller='notes'*/[0m
  ↳ app/controllers/api/notes_controller.rb:27:in `update'
  [1m[36mTRANSACTION (0.1ms)[0m  [1m[35mBEGIN immediate TRANSACTION /*action='update',application='RailsSystemsLab',controller='notes'*/[0m
  ↳ app/controllers/api/notes_controller.rb:28:in `update'
  [1m[36mNote Update (0.9ms)[0m  [1m[33mUPDATE "notes" SET "status" = 'Pending', "updated_at" = '2026-04-27 00:42:29.557359' WHERE "notes"."id" = 3 /*action='update',application='RailsSystemsLab',controller='notes'*/[0m
  ↳ app/controllers/api/notes_controller.rb:28:in `update'
  [1m[36mTRANSACTION (0.1ms)[0m  [1m[35mCOMMIT TRANSACTION /*action='update',application='RailsSystemsLab',controller='notes'*/[0m
  ↳ app/controllers/api/notes_controller.rb:28:in `update'
  [1m[36mUser Load (0.2ms)[0m  [1m[34mSELECT "users".* FROM "users" WHERE "users"."id" = 1 LIMIT 1 /*action='update',application='RailsSystemsLab',controller='notes'*/[0m
  ↳ app/controllers/api/notes_controller.rb:54:in `serialize_note'
  [1m[36mComment Load (0.1ms)[0m  [1m[34mSELECT "comments".* FROM "comments" WHERE "comments"."note_id" = 3 /*action='update',application='RailsSystemsLab',controller='notes'*/[0m
  ↳ app/controllers/api/notes_controller.rb:58:in `map'
Completed 200 OK in 9ms (Views: 0.2ms | ActiveRecord: 1.6ms (4 queries, 0 cached) | GC: 0.2ms)


Started GET "/api/notes" for 127.0.0.1 at 2026-04-26 20:42:29 -0400
Processing by Api::NotesController#index as */*
  [1m[36mNote Load (0.2ms)[0m  [1m[34mSELECT "notes".* FROM "notes" /*action='index',application='RailsSystemsLab',controller='notes'*/[0m
  ↳ app/controllers/api/notes_controller.rb:7:in `map'
  [1m[36mUser Load (0.2ms)[0m  [1m[34mSELECT "users".* FROM "users" WHERE "users"."id" = 1 /*action='index',application='RailsSystemsLab',controller='notes'*/[0m
  ↳ app/controllers/api/notes_controller.rb:7:in `map'
  [1m[36mComment Load (0.2ms)[0m  [1m[34mSELECT "comments".* FROM "comments" WHERE "comments"."note_id" IN (2, 3, 4) /*action='index',application='RailsSystemsLab',controller='notes'*/[0m
  ↳ app/controllers/api/notes_controller.rb:7:in `map'
Completed 200 OK in 6ms (Views: 0.1ms | ActiveRecord: 0.5ms (3 queries, 0 cached) | GC: 0.0ms)


Started PATCH "/api/notes/4" for 127.0.0.1 at 2026-04-26 20:42:31 -0400
Processing by Api::NotesController#update as */*
  Parameters: {"note"=>{"status"=>"Pending"}, "id"=>"4"}
HTTP Origin header (http://localhost:5173) didn't match request.base_url (http://localhost:3000)
  [1m[36mNote Load (0.2ms)[0m  [1m[34mSELECT "notes".* FROM "notes" WHERE "notes"."id" = 4 LIMIT 1 /*action='update',application='RailsSystemsLab',controller='notes'*/[0m
  ↳ app/controllers/api/notes_controller.rb:27:in `update'
  [1m[36mTRANSACTION (0.0ms)[0m  [1m[35mBEGIN immediate TRANSACTION /*action='update',application='RailsSystemsLab',controller='notes'*/[0m
  ↳ app/controllers/api/notes_controller.rb:28:in `update'
  [1m[36mNote Update (1.2ms)[0m  [1m[33mUPDATE "notes" SET "status" = 'Pending', "updated_at" = '2026-04-27 00:42:31.094384' WHERE "notes"."id" = 4 /*action='update',application='RailsSystemsLab',controller='notes'*/[0m
  ↳ app/controllers/api/notes_controller.rb:28:in `update'
  [1m[36mTRANSACTION (0.1ms)[0m  [1m[35mCOMMIT TRANSACTION /*action='update',application='RailsSystemsLab',controller='notes'*/[0m
  ↳ app/controllers/api/notes_controller.rb:28:in `update'
  [1m[36mComment Load (0.1ms)[0m  [1m[34mSELECT "comments".* FROM "comments" WHERE "comments"."note_id" = 4 /*action='update',application='RailsSystemsLab',controller='notes'*/[0m
  ↳ app/controllers/api/notes_controller.rb:58:in `map'
Completed 200 OK in 7ms (Views: 0.1ms | ActiveRecord: 1.6ms (3 queries, 0 cached) | GC: 0.3ms)


Started GET "/api/notes" for 127.0.0.1 at 2026-04-26 20:42:31 -0400
Processing by Api::NotesController#index as */*
  [1m[36mNote Load (0.2ms)[0m  [1m[34mSELECT "notes".* FROM "notes" /*action='index',application='RailsSystemsLab',controller='notes'*/[0m
  ↳ app/controllers/api/notes_controller.rb:7:in `map'
  [1m[36mUser Load (0.1ms)[0m  [1m[34mSELECT "users".* FROM "users" WHERE "users"."id" = 1 /*action='index',application='RailsSystemsLab',controller='notes'*/[0m
  ↳ app/controllers/api/notes_controller.rb:7:in `map'
  [1m[36mComment Load (0.2ms)[0m  [1m[34mSELECT "comments".* FROM "comments" WHERE "comments"."note_id" IN (2, 3, 4) /*action='index',application='RailsSystemsLab',controller='notes'*/[0m
  ↳ app/controllers/api/notes_controller.rb:7:in `map'
Completed 200 OK in 6ms (Views: 0.1ms | ActiveRecord: 0.5ms (3 queries, 0 cached) | GC: 0.3ms)


Started GET "/api/notes" for 127.0.0.1 at 2026-04-26 20:44:25 -0400
Started GET "/api/notes" for 127.0.0.1 at 2026-04-26 20:44:25 -0400
  [1m[36mActiveRecord::SchemaMigration Load (0.2ms)[0m  [1m[34mSELECT "schema_migrations"."version" FROM "schema_migrations" ORDER BY "schema_migrations"."version" ASC /*application='RailsSystemsLab'*/[0m
  
ActionController::RoutingError (No route matches [GET] "/api/notes"):
  
Processing by Api::NotesController#index as */*
  [1m[36mNote Load (1.1ms)[0m  [1m[34mSELECT "notes".* FROM "notes" /*action='index',application='RailsSystemsLab',controller='notes'*/[0m
  ↳ app/controllers/api/notes_controller.rb:7:in `map'
  [1m[36mUser Load (0.7ms)[0m  [1m[34mSELECT "users".* FROM "users" WHERE "users"."id" = 1 /*action='index',application='RailsSystemsLab',controller='notes'*/[0m
  ↳ app/controllers/api/notes_controller.rb:7:in `map'
  [1m[36mComment Load (0.3ms)[0m  [1m[34mSELECT "comments".* FROM "comments" WHERE "comments"."note_id" IN (2, 3, 4) /*action='index',application='RailsSystemsLab',controller='notes'*/[0m
  ↳ app/controllers/api/notes_controller.rb:7:in `map'
Completed 200 OK in 103ms (Views: 0.4ms | ActiveRecord: 4.2ms (3 queries, 0 cached) | GC: 5.0ms)


Started PATCH "/api/notes/2" for 127.0.0.1 at 2026-04-26 20:44:26 -0400
Processing by Api::NotesController#update as */*
  Parameters: {"note"=>{"status"=>"Pending"}, "id"=>"2"}
HTTP Origin header (http://localhost:5173) didn't match request.base_url (http://localhost:3000)
  [1m[36mNote Load (0.2ms)[0m  [1m[34mSELECT "notes".* FROM "notes" WHERE "notes"."id" = 2 LIMIT 1 /*action='update',application='RailsSystemsLab',controller='notes'*/[0m
  ↳ app/controllers/api/notes_controller.rb:27:in `update'
  [1m[36mTRANSACTION (0.1ms)[0m  [1m[35mBEGIN immediate TRANSACTION /*action='update',application='RailsSystemsLab',controller='notes'*/[0m
  ↳ app/controllers/api/notes_controller.rb:28:in `update'
  [1m[36mNote Update (1.3ms)[0m  [1m[33mUPDATE "notes" SET "status" = 'Pending', "updated_at" = '2026-04-27 00:44:26.989461' WHERE "notes"."id" = 2 /*action='update',application='RailsSystemsLab',controller='notes'*/[0m
  ↳ app/controllers/api/notes_controller.rb:28:in `update'
  [1m[36mTRANSACTION (5.8ms)[0m  [1m[35mCOMMIT TRANSACTION /*action='update',application='RailsSystemsLab',controller='notes'*/[0m
  ↳ app/controllers/api/notes_controller.rb:28:in `update'
  [1m[36mComment Load (0.2ms)[0m  [1m[34mSELECT "comments".* FROM "comments" WHERE "comments"."note_id" = 2 /*action='update',application='RailsSystemsLab',controller='notes'*/[0m
  ↳ app/controllers/api/notes_controller.rb:58:in `map'
Completed 200 OK in 17ms (Views: 0.1ms | ActiveRecord: 7.5ms (3 queries, 0 cached) | GC: 0.0ms)


Started GET "/api/notes" for 127.0.0.1 at 2026-04-26 20:44:27 -0400
Processing by Api::NotesController#index as */*
  [1m[36mNote Load (0.2ms)[0m  [1m[34mSELECT "notes".* FROM "notes" /*action='index',application='RailsSystemsLab',controller='notes'*/[0m
  ↳ app/controllers/api/notes_controller.rb:7:in `map'
  [1m[36mUser Load (0.2ms)[0m  [1m[34mSELECT "users".* FROM "users" WHERE "users"."id" = 1 /*action='index',application='RailsSystemsLab',controller='notes'*/[0m
  ↳ app/controllers/api/notes_controller.rb:7:in `map'
  [1m[36mComment Load (0.3ms)[0m  [1m[34mSELECT "comments".* FROM "comments" WHERE "comments"."note_id" IN (2, 3, 4) /*action='index',application='RailsSystemsLab',controller='notes'*/[0m
  ↳ app/controllers/api/notes_controller.rb:7:in `map'
Completed 200 OK in 7ms (Views: 0.1ms | ActiveRecord: 0.7ms (3 queries, 0 cached) | GC: 0.0ms)


Started PATCH "/api/notes/2" for 127.0.0.1 at 2026-04-26 20:44:28 -0400
Processing by Api::NotesController#update as */*
  Parameters: {"note"=>{"status"=>"Done"}, "id"=>"2"}
HTTP Origin header (http://localhost:5173) didn't match request.base_url (http://localhost:3000)
  [1m[36mNote Load (0.2ms)[0m  [1m[34mSELECT "notes".* FROM "notes" WHERE "notes"."id" = 2 LIMIT 1 /*action='update',application='RailsSystemsLab',controller='notes'*/[0m
  ↳ app/controllers/api/notes_controller.rb:27:in `update'
  [1m[36mTRANSACTION (0.0ms)[0m  [1m[35mBEGIN immediate TRANSACTION /*action='update',application='RailsSystemsLab',controller='notes'*/[0m
  ↳ app/controllers/api/notes_controller.rb:28:in `update'
  [1m[36mNote Update (1.0ms)[0m  [1m[33mUPDATE "notes" SET "status" = 'Done', "updated_at" = '2026-04-27 00:44:28.854853' WHERE "notes"."id" = 2 /*action='update',application='RailsSystemsLab',controller='notes'*/[0m
  ↳ app/controllers/api/notes_controller.rb:28:in `update'
  [1m[36mTRANSACTION (0.1ms)[0m  [1m[35mCOMMIT TRANSACTION /*action='update',application='RailsSystemsLab',controller='notes'*/[0m
  ↳ app/controllers/api/notes_controller.rb:28:in `update'
  [1m[36mComment Load (0.1ms)[0m  [1m[34mSELECT "comments".* FROM "comments" WHERE "comments"."note_id" = 2 /*action='update',application='RailsSystemsLab',controller='notes'*/[0m
  ↳ app/controllers/api/notes_controller.rb:58:in `map'
Completed 200 OK in 6ms (Views: 0.1ms | ActiveRecord: 1.4ms (3 queries, 0 cached) | GC: 0.0ms)


Started GET "/api/notes" for 127.0.0.1 at 2026-04-26 20:44:28 -0400
Processing by Api::NotesController#index as */*
  [1m[36mNote Load (0.2ms)[0m  [1m[34mSELECT "notes".* FROM "notes" /*action='index',application='RailsSystemsLab',controller='notes'*/[0m
  ↳ app/controllers/api/notes_controller.rb:7:in `map'
  [1m[36mUser Load (0.2ms)[0m  [1m[34mSELECT "users".* FROM "users" WHERE "users"."id" = 1 /*action='index',application='RailsSystemsLab',controller='notes'*/[0m
  ↳ app/controllers/api/notes_controller.rb:7:in `map'
  [1m[36mComment Load (0.3ms)[0m  [1m[34mSELECT "comments".* FROM "comments" WHERE "comments"."note_id" IN (2, 3, 4) /*action='index',application='RailsSystemsLab',controller='notes'*/[0m
  ↳ app/controllers/api/notes_controller.rb:7:in `map'
Completed 200 OK in 6ms (Views: 0.2ms | ActiveRecord: 0.6ms (3 queries, 0 cached) | GC: 0.0ms)


Started GET "/api/notes" for 127.0.0.1 at 2026-04-26 20:50:05 -0400
Processing by Api::NotesController#index as */*
  [1m[36mNote Load (1.3ms)[0m  [1m[34mSELECT "notes".* FROM "notes" /*action='index',application='RailsSystemsLab',controller='notes'*/[0m
  ↳ app/controllers/api/notes_controller.rb:7:in `map'
  [1m[36mUser Load (0.2ms)[0m  [1m[34mSELECT "users".* FROM "users" WHERE "users"."id" = 1 /*action='index',application='RailsSystemsLab',controller='notes'*/[0m
  ↳ app/controllers/api/notes_controller.rb:7:in `map'
  [1m[36mComment Load (0.5ms)[0m  [1m[34mSELECT "comments".* FROM "comments" WHERE "comments"."note_id" IN (2, 3, 4) /*action='index',application='RailsSystemsLab',controller='notes'*/[0m
  ↳ app/controllers/api/notes_controller.rb:7:in `map'
Completed 200 OK in 14ms (Views: 0.2ms | ActiveRecord: 2.0ms (3 queries, 0 cached) | GC: 0.0ms)


Started GET "/api/notes" for 127.0.0.1 at 2026-04-26 20:50:05 -0400
Processing by Api::NotesController#index as */*
  [1m[36mNote Load (0.2ms)[0m  [1m[34mSELECT "notes".* FROM "notes" /*action='index',application='RailsSystemsLab',controller='notes'*/[0m
  ↳ app/controllers/api/notes_controller.rb:7:in `map'
  [1m[36mUser Load (0.2ms)[0m  [1m[34mSELECT "users".* FROM "users" WHERE "users"."id" = 1 /*action='index',application='RailsSystemsLab',controller='notes'*/[0m
  ↳ app/controllers/api/notes_controller.rb:7:in `map'
  [1m[36mComment Load (0.6ms)[0m  [1m[34mSELECT "comments".* FROM "comments" WHERE "comments"."note_id" IN (2, 3, 4) /*action='index',application='RailsSystemsLab',controller='notes'*/[0m
  ↳ app/controllers/api/notes_controller.rb:7:in `map'
Completed 200 OK in 11ms (Views: 0.2ms | ActiveRecord: 0.9ms (3 queries, 0 cached) | GC: 0.0ms)


Started DELETE "/api/notes/4" for 127.0.0.1 at 2026-04-26 20:50:21 -0400
Processing by Api::NotesController#destroy as */*
  Parameters: {"id"=>"4"}
HTTP Origin header (http://localhost:5173) didn't match request.base_url (http://localhost:3000)
  [1m[36mNote Load (0.2ms)[0m  [1m[34mSELECT "notes".* FROM "notes" WHERE "notes"."id" = 4 LIMIT 1 /*action='destroy',application='RailsSystemsLab',controller='notes'*/[0m
  ↳ app/controllers/api/notes_controller.rb:36:in `destroy'
  [1m[36mTRANSACTION (0.1ms)[0m  [1m[35mBEGIN immediate TRANSACTION /*action='destroy',application='RailsSystemsLab',controller='notes'*/[0m
  ↳ app/controllers/api/notes_controller.rb:37:in `destroy'
  [1m[36mComment Load (1.3ms)[0m  [1m[34mSELECT "comments".* FROM "comments" WHERE "comments"."note_id" = 4 /*action='destroy',application='RailsSystemsLab',controller='notes'*/[0m
  ↳ app/controllers/api/notes_controller.rb:37:in `destroy'
  [1m[36mNote Destroy (0.1ms)[0m  [1m[31mDELETE FROM "notes" WHERE "notes"."id" = 4 /*action='destroy',application='RailsSystemsLab',controller='notes'*/[0m
  ↳ app/controllers/api/notes_controller.rb:37:in `destroy'
  [1m[36mTRANSACTION (6.1ms)[0m  [1m[35mCOMMIT TRANSACTION /*action='destroy',application='RailsSystemsLab',controller='notes'*/[0m
  ↳ app/controllers/api/notes_controller.rb:37:in `destroy'
Completed 204 No Content in 14ms (ActiveRecord: 7.6ms (3 queries, 0 cached) | GC: 0.0ms)


Started GET "/api/notes" for 127.0.0.1 at 2026-04-26 20:50:21 -0400
Processing by Api::NotesController#index as */*
  [1m[36mNote Load (0.3ms)[0m  [1m[34mSELECT "notes".* FROM "notes" /*action='index',application='RailsSystemsLab',controller='notes'*/[0m
  ↳ app/controllers/api/notes_controller.rb:7:in `map'
  [1m[36mUser Load (0.1ms)[0m  [1m[34mSELECT "users".* FROM "users" WHERE "users"."id" = 1 /*action='index',application='RailsSystemsLab',controller='notes'*/[0m
  ↳ app/controllers/api/notes_controller.rb:7:in `map'
  [1m[36mComment Load (0.2ms)[0m  [1m[34mSELECT "comments".* FROM "comments" WHERE "comments"."note_id" IN (2, 3) /*action='index',application='RailsSystemsLab',controller='notes'*/[0m
  ↳ app/controllers/api/notes_controller.rb:7:in `map'
Completed 200 OK in 5ms (Views: 0.1ms | ActiveRecord: 0.5ms (3 queries, 0 cached) | GC: 0.0ms)


Started DELETE "/api/notes/3" for 127.0.0.1 at 2026-04-26 20:50:27 -0400
Processing by Api::NotesController#destroy as */*
  Parameters: {"id"=>"3"}
HTTP Origin header (http://localhost:5173) didn't match request.base_url (http://localhost:3000)
  [1m[36mNote Load (0.2ms)[0m  [1m[34mSELECT "notes".* FROM "notes" WHERE "notes"."id" = 3 LIMIT 1 /*action='destroy',application='RailsSystemsLab',controller='notes'*/[0m
  ↳ app/controllers/api/notes_controller.rb:36:in `destroy'
  [1m[36mTRANSACTION (0.0ms)[0m  [1m[35mBEGIN immediate TRANSACTION /*action='destroy',application='RailsSystemsLab',controller='notes'*/[0m
  ↳ app/controllers/api/notes_controller.rb:37:in `destroy'
  [1m[36mComment Load (0.9ms)[0m  [1m[34mSELECT "comments".* FROM "comments" WHERE "comments"."note_id" = 3 /*action='destroy',application='RailsSystemsLab',controller='notes'*/[0m
  ↳ app/controllers/api/notes_controller.rb:37:in `destroy'
  [1m[36mNote Destroy (0.1ms)[0m  [1m[31mDELETE FROM "notes" WHERE "notes"."id" = 3 /*action='destroy',application='RailsSystemsLab',controller='notes'*/[0m
  ↳ app/controllers/api/notes_controller.rb:37:in `destroy'
  [1m[36mTRANSACTION (0.1ms)[0m  [1m[35mCOMMIT TRANSACTION /*action='destroy',application='RailsSystemsLab',controller='notes'*/[0m
  ↳ app/controllers/api/notes_controller.rb:37:in `destroy'
Completed 204 No Content in 5ms (ActiveRecord: 1.2ms (3 queries, 0 cached) | GC: 0.0ms)


Started GET "/api/notes" for 127.0.0.1 at 2026-04-26 20:50:27 -0400
Processing by Api::NotesController#index as */*
  [1m[36mNote Load (0.2ms)[0m  [1m[34mSELECT "notes".* FROM "notes" /*action='index',application='RailsSystemsLab',controller='notes'*/[0m
  ↳ app/controllers/api/notes_controller.rb:7:in `map'
  [1m[36mComment Load (0.1ms)[0m  [1m[34mSELECT "comments".* FROM "comments" WHERE "comments"."note_id" = 2 /*action='index',application='RailsSystemsLab',controller='notes'*/[0m
  ↳ app/controllers/api/notes_controller.rb:7:in `map'
Completed 200 OK in 4ms (Views: 0.1ms | ActiveRecord: 0.3ms (2 queries, 0 cached) | GC: 0.0ms)


Started DELETE "/api/notes/2" for 127.0.0.1 at 2026-04-26 20:50:28 -0400
Processing by Api::NotesController#destroy as */*
  Parameters: {"id"=>"2"}
HTTP Origin header (http://localhost:5173) didn't match request.base_url (http://localhost:3000)
  [1m[36mNote Load (0.2ms)[0m  [1m[34mSELECT "notes".* FROM "notes" WHERE "notes"."id" = 2 LIMIT 1 /*action='destroy',application='RailsSystemsLab',controller='notes'*/[0m
  ↳ app/controllers/api/notes_controller.rb:36:in `destroy'
  [1m[36mTRANSACTION (0.0ms)[0m  [1m[35mBEGIN immediate TRANSACTION /*action='destroy',application='RailsSystemsLab',controller='notes'*/[0m
  ↳ app/controllers/api/notes_controller.rb:37:in `destroy'
  [1m[36mComment Load (0.8ms)[0m  [1m[34mSELECT "comments".* FROM "comments" WHERE "comments"."note_id" = 2 /*action='destroy',application='RailsSystemsLab',controller='notes'*/[0m
  ↳ app/controllers/api/notes_controller.rb:37:in `destroy'
  [1m[36mNote Destroy (0.1ms)[0m  [1m[31mDELETE FROM "notes" WHERE "notes"."id" = 2 /*action='destroy',application='RailsSystemsLab',controller='notes'*/[0m
  ↳ app/controllers/api/notes_controller.rb:37:in `destroy'
  [1m[36mTRANSACTION (0.1ms)[0m  [1m[35mCOMMIT TRANSACTION /*action='destroy',application='RailsSystemsLab',controller='notes'*/[0m
  ↳ app/controllers/api/notes_controller.rb:37:in `destroy'
Completed 204 No Content in 5ms (ActiveRecord: 1.1ms (3 queries, 0 cached) | GC: 0.0ms)


Started GET "/api/notes" for 127.0.0.1 at 2026-04-26 20:50:28 -0400
Processing by Api::NotesController#index as */*
  [1m[36mNote Load (0.2ms)[0m  [1m[34mSELECT "notes".* FROM "notes" /*action='index',application='RailsSystemsLab',controller='notes'*/[0m
  ↳ app/controllers/api/notes_controller.rb:7:in `map'
Completed 200 OK in 2ms (Views: 0.1ms | ActiveRecord: 0.2ms (1 query, 0 cached) | GC: 0.0ms)


Started GET "/api/notes" for 127.0.0.1 at 2026-04-26 20:56:25 -0400
Processing by Api::NotesController#index as */*
  [1m[36mNote Load (1.1ms)[0m  [1m[34mSELECT "notes".* FROM "notes" /*action='index',application='RailsSystemsLab',controller='notes'*/[0m
  ↳ app/controllers/api/notes_controller.rb:7:in `map'
Completed 200 OK in 4ms (Views: 0.2ms | ActiveRecord: 1.0ms (1 query, 0 cached) | GC: 1.0ms)


Started GET "/api/notes" for 127.0.0.1 at 2026-04-26 20:56:26 -0400
Processing by Api::NotesController#index as */*
  [1m[36mNote Load (0.3ms)[0m  [1m[34mSELECT "notes".* FROM "notes" /*action='index',application='RailsSystemsLab',controller='notes'*/[0m
  ↳ app/controllers/api/notes_controller.rb:7:in `map'
Completed 200 OK in 2ms (Views: 0.1ms | ActiveRecord: 0.3ms (1 query, 0 cached) | GC: 0.5ms)


Started GET "/api/notes" for 127.0.0.1 at 2026-04-26 20:56:26 -0400
Processing by Api::NotesController#index as */*
  [1m[36mNote Load (0.2ms)[0m  [1m[34mSELECT "notes".* FROM "notes" /*action='index',application='RailsSystemsLab',controller='notes'*/[0m
  ↳ app/controllers/api/notes_controller.rb:7:in `map'
Completed 200 OK in 2ms (Views: 0.1ms | ActiveRecord: 0.2ms (1 query, 0 cached) | GC: 0.0ms)


Started GET "/api/notes" for 127.0.0.1 at 2026-04-26 20:56:27 -0400
Started GET "/api/notes" for 127.0.0.1 at 2026-04-26 20:56:27 -0400
Processing by Api::NotesController#index as */*
  [1m[36mNote Load (0.2ms)[0m  [1m[34mSELECT "notes".* FROM "notes" /*action='index',application='RailsSystemsLab',controller='notes'*/[0m
  ↳ app/controllers/api/notes_controller.rb:7:in `map'
Completed 200 OK in 3ms (Views: 0.1ms | ActiveRecord: 0.2ms (1 query, 0 cached) | GC: 0.0ms)


Processing by Api::NotesController#index as */*
  [1m[36mNote Load (0.2ms)[0m  [1m[34mSELECT "notes".* FROM "notes" /*action='index',application='RailsSystemsLab',controller='notes'*/[0m
  ↳ app/controllers/api/notes_controller.rb:7:in `map'
Completed 200 OK in 3ms (Views: 0.1ms | ActiveRecord: 0.2ms (1 query, 0 cached) | GC: 0.3ms)


Started POST "/api/notes" for 127.0.0.1 at 2026-04-26 20:57:58 -0400
Processing by Api::NotesController#create as */*
  Parameters: {"note"=>{"title"=>"Hydraulic leak", "body"=>"Description: urgent inspection required, fluid visible near lift cylinder", "machine_name"=>"Loader 12", "machine_model"=>"Cat 966M", "machine_location"=>"Site A", "operating_hours"=>4231}}
HTTP Origin header (http://localhost:5173) didn't match request.base_url (http://localhost:3000)
  [1m[36mTRANSACTION (0.1ms)[0m  [1m[35mBEGIN immediate TRANSACTION /*action='create',application='RailsSystemsLab',controller='notes'*/[0m
  ↳ app/controllers/api/notes_controller.rb:19:in `create'
  [1m[36mNote Create (1.2ms)[0m  [1m[32mINSERT INTO "notes" ("title", "body", "status", "created_at", "updated_at", "user_id", "score") VALUES ('Hydraulic leak', 'Description: urgent inspection required, fluid visible near lift cylinder', 'Pending', '2026-04-27 00:57:58.465914', '2026-04-27 00:57:58.465914', NULL, 50) RETURNING "id" /*action='create',application='RailsSystemsLab',controller='notes'*/[0m
  ↳ app/controllers/api/notes_controller.rb:19:in `create'
  [1m[36mTRANSACTION (5.5ms)[0m  [1m[35mCOMMIT TRANSACTION /*action='create',application='RailsSystemsLab',controller='notes'*/[0m
  ↳ app/controllers/api/notes_controller.rb:19:in `create'
  [1m[36mComment Load (0.2ms)[0m  [1m[34mSELECT "comments".* FROM "comments" WHERE "comments"."note_id" = 5 /*action='create',application='RailsSystemsLab',controller='notes'*/[0m
  ↳ app/controllers/api/notes_controller.rb:58:in `map'
Completed 201 Created in 13ms (Views: 0.1ms | ActiveRecord: 6.9ms (2 queries, 0 cached) | GC: 0.2ms)


Started GET "/api/notes" for 127.0.0.1 at 2026-04-26 20:57:58 -0400
Processing by Api::NotesController#index as */*
  [1m[36mNote Load (0.2ms)[0m  [1m[34mSELECT "notes".* FROM "notes" /*action='index',application='RailsSystemsLab',controller='notes'*/[0m
  ↳ app/controllers/api/notes_controller.rb:7:in `map'
  [1m[36mComment Load (0.2ms)[0m  [1m[34mSELECT "comments".* FROM "comments" WHERE "comments"."note_id" = 5 /*action='index',application='RailsSystemsLab',controller='notes'*/[0m
  ↳ app/controllers/api/notes_controller.rb:7:in `map'
Completed 200 OK in 5ms (Views: 0.1ms | ActiveRecord: 0.4ms (2 queries, 0 cached) | GC: 0.3ms)


Started PATCH "/api/notes/5" for 127.0.0.1 at 2026-04-26 21:07:55 -0400
Processing by Api::NotesController#update as */*
  Parameters: {"note"=>{"title"=>"Hydraulic leak", "body"=>"Description: urgent inspection required, fluid visible near lift cylinder", "machine_name"=>"", "machine_model"=>"", "machine_location"=>"site a", "operating_hours"=>nil}, "id"=>"5"}
HTTP Origin header (http://localhost:5173) didn't match request.base_url (http://localhost:3000)
  [1m[36mNote Load (1.1ms)[0m  [1m[34mSELECT "notes".* FROM "notes" WHERE "notes"."id" = 5 LIMIT 1 /*action='update',application='RailsSystemsLab',controller='notes'*/[0m
  ↳ app/controllers/api/notes_controller.rb:27:in `update'
  [1m[36mComment Load (0.2ms)[0m  [1m[34mSELECT "comments".* FROM "comments" WHERE "comments"."note_id" = 5 /*action='update',application='RailsSystemsLab',controller='notes'*/[0m
  ↳ app/controllers/api/notes_controller.rb:58:in `map'
Completed 200 OK in 6ms (Views: 0.1ms | ActiveRecord: 1.2ms (2 queries, 0 cached) | GC: 0.0ms)


Started GET "/api/notes" for 127.0.0.1 at 2026-04-26 21:07:55 -0400
Processing by Api::NotesController#index as */*
  [1m[36mNote Load (0.2ms)[0m  [1m[34mSELECT "notes".* FROM "notes" /*action='index',application='RailsSystemsLab',controller='notes'*/[0m
  ↳ app/controllers/api/notes_controller.rb:7:in `map'
  [1m[36mComment Load (0.2ms)[0m  [1m[34mSELECT "comments".* FROM "comments" WHERE "comments"."note_id" = 5 /*action='index',application='RailsSystemsLab',controller='notes'*/[0m
  ↳ app/controllers/api/notes_controller.rb:7:in `map'
Completed 200 OK in 6ms (Views: 0.1ms | ActiveRecord: 0.4ms (2 queries, 0 cached) | GC: 0.5ms)


Started GET "/api/notes" for 127.0.0.1 at 2026-04-26 21:09:08 -0400
  [1m[36mActiveRecord::SchemaMigration Load (0.2ms)[0m  [1m[34mSELECT "schema_migrations"."version" FROM "schema_migrations" ORDER BY "schema_migrations"."version" ASC /*application='RailsSystemsLab'*/[0m
Processing by Api::NotesController#index as */*
  [1m[36mNote Load (1.4ms)[0m  [1m[34mSELECT "notes".* FROM "notes" /*action='index',application='RailsSystemsLab',controller='notes'*/[0m
  ↳ app/controllers/api/notes_controller.rb:7:in `map'
  [1m[36mComment Load (0.1ms)[0m  [1m[34mSELECT "comments".* FROM "comments" WHERE "comments"."note_id" = 5 /*action='index',application='RailsSystemsLab',controller='notes'*/[0m
  ↳ app/controllers/api/notes_controller.rb:7:in `map'
Completed 200 OK in 55ms (Views: 0.8ms | ActiveRecord: 3.3ms (2 queries, 0 cached) | GC: 15.2ms)


Started GET "/api/notes" for 127.0.0.1 at 2026-04-26 21:09:08 -0400
Processing by Api::NotesController#index as */*
  [1m[36mNote Load (0.2ms)[0m  [1m[34mSELECT "notes".* FROM "notes" /*action='index',application='RailsSystemsLab',controller='notes'*/[0m
  ↳ app/controllers/api/notes_controller.rb:7:in `map'
  [1m[36mComment Load (0.1ms)[0m  [1m[34mSELECT "comments".* FROM "comments" WHERE "comments"."note_id" = 5 /*action='index',application='RailsSystemsLab',controller='notes'*/[0m
  ↳ app/controllers/api/notes_controller.rb:7:in `map'
Completed 200 OK in 4ms (Views: 0.1ms | ActiveRecord: 0.3ms (2 queries, 0 cached) | GC: 0.4ms)


Started GET "/api/notes" for 127.0.0.1 at 2026-04-26 21:09:09 -0400
Processing by Api::NotesController#index as */*
  [1m[36mNote Load (0.3ms)[0m  [1m[34mSELECT "notes".* FROM "notes" /*action='index',application='RailsSystemsLab',controller='notes'*/[0m
  ↳ app/controllers/api/notes_controller.rb:7:in `map'
  [1m[36mComment Load (0.2ms)[0m  [1m[34mSELECT "comments".* FROM "comments" WHERE "comments"."note_id" = 5 /*action='index',application='RailsSystemsLab',controller='notes'*/[0m
  ↳ app/controllers/api/notes_controller.rb:7:in `map'
Completed 200 OK in 6ms (Views: 0.2ms | ActiveRecord: 0.5ms (2 queries, 0 cached) | GC: 0.6ms)


Started GET "/api/notes" for 127.0.0.1 at 2026-04-26 21:09:09 -0400
Processing by Api::NotesController#index as */*
  [1m[36mNote Load (0.2ms)[0m  [1m[34mSELECT "notes".* FROM "notes" /*action='index',application='RailsSystemsLab',controller='notes'*/[0m
  ↳ app/controllers/api/notes_controller.rb:7:in `map'
  [1m[36mComment Load (0.2ms)[0m  [1m[34mSELECT "comments".* FROM "comments" WHERE "comments"."note_id" = 5 /*action='index',application='RailsSystemsLab',controller='notes'*/[0m
  ↳ app/controllers/api/notes_controller.rb:7:in `map'
Completed 200 OK in 5ms (Views: 0.2ms | ActiveRecord: 0.4ms (2 queries, 0 cached) | GC: 0.4ms)


Started PATCH "/api/notes/5" for 127.0.0.1 at 2026-04-26 21:09:32 -0400
Processing by Api::NotesController#update as */*
  Parameters: {"note"=>{"title"=>"Hydraulic leak", "body"=>"Description: urgent inspection required, fluid visible near lift cylinder", "machine_name"=>"cat1", "machine_model"=>"", "machine_location"=>"", "operating_hours"=>nil}, "id"=>"5"}
HTTP Origin header (http://localhost:5173) didn't match request.base_url (http://localhost:3000)
  [1m[36mNote Load (0.2ms)[0m  [1m[34mSELECT "notes".* FROM "notes" WHERE "notes"."id" = 5 LIMIT 1 /*action='update',application='RailsSystemsLab',controller='notes'*/[0m
  ↳ app/controllers/api/notes_controller.rb:27:in `update'
  [1m[36mComment Load (0.1ms)[0m  [1m[34mSELECT "comments".* FROM "comments" WHERE "comments"."note_id" = 5 /*action='update',application='RailsSystemsLab',controller='notes'*/[0m
  ↳ app/controllers/api/notes_controller.rb:58:in `map'
Completed 200 OK in 5ms (Views: 0.1ms | ActiveRecord: 0.2ms (2 queries, 0 cached) | GC: 0.1ms)


Started GET "/api/notes" for 127.0.0.1 at 2026-04-26 21:09:32 -0400
Processing by Api::NotesController#index as */*
  [1m[36mNote Load (0.2ms)[0m  [1m[34mSELECT "notes".* FROM "notes" /*action='index',application='RailsSystemsLab',controller='notes'*/[0m
  ↳ app/controllers/api/notes_controller.rb:7:in `map'
  [1m[36mComment Load (0.1ms)[0m  [1m[34mSELECT "comments".* FROM "comments" WHERE "comments"."note_id" = 5 /*action='index',application='RailsSystemsLab',controller='notes'*/[0m
  ↳ app/controllers/api/notes_controller.rb:7:in `map'
Completed 200 OK in 3ms (Views: 0.1ms | ActiveRecord: 0.2ms (2 queries, 0 cached) | GC: 0.0ms)


  [1m[36mNote Load (0.2ms)[0m  [1m[34mSELECT "notes".* FROM "notes" ORDER BY "notes"."id" DESC LIMIT 1 /*application='RailsSystemsLab'*/[0m
Started GET "/api/notes" for 127.0.0.1 at 2026-04-26 21:11:17 -0400
Started GET "/api/notes" for 127.0.0.1 at 2026-04-26 21:11:17 -0400
  [1m[36mActiveRecord::SchemaMigration Load (0.2ms)[0m  [1m[34mSELECT "schema_migrations"."version" FROM "schema_migrations" ORDER BY "schema_migrations"."version" ASC /*application='RailsSystemsLab'*/[0m
  
ActionController::RoutingError (No route matches [GET] "/api/notes"):
  
Processing by Api::NotesController#index as */*
  [1m[36mNote Load (0.9ms)[0m  [1m[34mSELECT "notes".* FROM "notes" /*action='index',application='RailsSystemsLab',controller='notes'*/[0m
  ↳ app/controllers/api/notes_controller.rb:7:in `map'
  [1m[36mComment Load (0.1ms)[0m  [1m[34mSELECT "comments".* FROM "comments" WHERE "comments"."note_id" = 5 /*action='index',application='RailsSystemsLab',controller='notes'*/[0m
  ↳ app/controllers/api/notes_controller.rb:7:in `map'
Completed 200 OK in 63ms (Views: 0.2ms | ActiveRecord: 2.4ms (2 queries, 0 cached) | GC: 3.9ms)


Started DELETE "/api/notes/5" for 127.0.0.1 at 2026-04-26 21:11:23 -0400
Processing by Api::NotesController#destroy as */*
  Parameters: {"id"=>"5"}
HTTP Origin header (http://localhost:5173) didn't match request.base_url (http://localhost:3000)
  [1m[36mNote Load (0.1ms)[0m  [1m[34mSELECT "notes".* FROM "notes" WHERE "notes"."id" = 5 LIMIT 1 /*action='destroy',application='RailsSystemsLab',controller='notes'*/[0m
  ↳ app/controllers/api/notes_controller.rb:36:in `destroy'
  [1m[36mTRANSACTION (0.1ms)[0m  [1m[35mBEGIN immediate TRANSACTION /*action='destroy',application='RailsSystemsLab',controller='notes'*/[0m
  ↳ app/controllers/api/notes_controller.rb:37:in `destroy'
  [1m[36mComment Load (0.9ms)[0m  [1m[34mSELECT "comments".* FROM "comments" WHERE "comments"."note_id" = 5 /*action='destroy',application='RailsSystemsLab',controller='notes'*/[0m
  ↳ app/controllers/api/notes_controller.rb:37:in `destroy'
  [1m[36mNote Destroy (0.1ms)[0m  [1m[31mDELETE FROM "notes" WHERE "notes"."id" = 5 /*action='destroy',application='RailsSystemsLab',controller='notes'*/[0m
  ↳ app/controllers/api/notes_controller.rb:37:in `destroy'
  [1m[36mTRANSACTION (14.2ms)[0m  [1m[35mCOMMIT TRANSACTION /*action='destroy',application='RailsSystemsLab',controller='notes'*/[0m
  ↳ app/controllers/api/notes_controller.rb:37:in `destroy'
Completed 204 No Content in 21ms (ActiveRecord: 15.3ms (3 queries, 0 cached) | GC: 0.0ms)


Started GET "/api/notes" for 127.0.0.1 at 2026-04-26 21:11:23 -0400
Processing by Api::NotesController#index as */*
  [1m[36mNote Load (0.1ms)[0m  [1m[34mSELECT "notes".* FROM "notes" /*action='index',application='RailsSystemsLab',controller='notes'*/[0m
  ↳ app/controllers/api/notes_controller.rb:7:in `map'
Completed 200 OK in 2ms (Views: 0.1ms | ActiveRecord: 0.1ms (1 query, 0 cached) | GC: 0.0ms)


Started POST "/api/notes" for 127.0.0.1 at 2026-04-26 21:11:36 -0400
Processing by Api::NotesController#create as */*
  Parameters: {"note"=>{"title"=>"issue", "body"=>"description theres a serious pron;e,m", "machine_name"=>"leak", "machine_model"=>"cat ", "machine_location"=>"somewhere", "operating_hours"=>nil}}
HTTP Origin header (http://localhost:5173) didn't match request.base_url (http://localhost:3000)
  [1m[36mTRANSACTION (0.1ms)[0m  [1m[35mBEGIN immediate TRANSACTION /*action='create',application='RailsSystemsLab',controller='notes'*/[0m
  ↳ app/controllers/api/notes_controller.rb:19:in `create'
  [1m[36mNote Create (1.4ms)[0m  [1m[32mINSERT INTO "notes" ("title", "body", "status", "created_at", "updated_at", "user_id", "score") VALUES ('issue', 'description theres a serious pron;e,m', 'Open', '2026-04-27 01:11:36.512239', '2026-04-27 01:11:36.512239', NULL, 0) RETURNING "id" /*action='create',application='RailsSystemsLab',controller='notes'*/[0m
  ↳ app/controllers/api/notes_controller.rb:19:in `create'
  [1m[36mTRANSACTION (0.1ms)[0m  [1m[35mCOMMIT TRANSACTION /*action='create',application='RailsSystemsLab',controller='notes'*/[0m
  ↳ app/controllers/api/notes_controller.rb:19:in `create'
  [1m[36mComment Load (0.1ms)[0m  [1m[34mSELECT "comments".* FROM "comments" WHERE "comments"."note_id" = 6 /*action='create',application='RailsSystemsLab',controller='notes'*/[0m
  ↳ app/controllers/api/notes_controller.rb:58:in `map'
Completed 201 Created in 6ms (Views: 0.1ms | ActiveRecord: 1.6ms (2 queries, 0 cached) | GC: 0.0ms)


Started GET "/api/notes" for 127.0.0.1 at 2026-04-26 21:11:36 -0400
Processing by Api::NotesController#index as */*
  [1m[36mNote Load (0.2ms)[0m  [1m[34mSELECT "notes".* FROM "notes" /*action='index',application='RailsSystemsLab',controller='notes'*/[0m
  ↳ app/controllers/api/notes_controller.rb:7:in `map'
  [1m[36mComment Load (0.1ms)[0m  [1m[34mSELECT "comments".* FROM "comments" WHERE "comments"."note_id" = 6 /*action='index',application='RailsSystemsLab',controller='notes'*/[0m
  ↳ app/controllers/api/notes_controller.rb:7:in `map'
Completed 200 OK in 3ms (Views: 0.1ms | ActiveRecord: 0.3ms (2 queries, 0 cached) | GC: 0.0ms)


Started GET "/api/notes" for 127.0.0.1 at 2026-04-26 21:12:33 -0400
Processing by Api::NotesController#index as */*
  [1m[36mNote Load (0.3ms)[0m  [1m[34mSELECT "notes".* FROM "notes" /*action='index',application='RailsSystemsLab',controller='notes'*/[0m
  ↳ app/controllers/api/notes_controller.rb:7:in `map'
  [1m[36mComment Load (0.1ms)[0m  [1m[34mSELECT "comments".* FROM "comments" WHERE "comments"."note_id" = 6 /*action='index',application='RailsSystemsLab',controller='notes'*/[0m
  ↳ app/controllers/api/notes_controller.rb:7:in `map'
Completed 200 OK in 6ms (Views: 0.2ms | ActiveRecord: 0.4ms (2 queries, 0 cached) | GC: 0.0ms)


Started GET "/api/notes" for 127.0.0.1 at 2026-04-26 21:12:33 -0400
Processing by Api::NotesController#index as */*
  [1m[36mNote Load (0.2ms)[0m  [1m[34mSELECT "notes".* FROM "notes" /*action='index',application='RailsSystemsLab',controller='notes'*/[0m
  ↳ app/controllers/api/notes_controller.rb:7:in `map'
  [1m[36mComment Load (0.4ms)[0m  [1m[34mSELECT "comments".* FROM "comments" WHERE "comments"."note_id" = 6 /*action='index',application='RailsSystemsLab',controller='notes'*/[0m
  ↳ app/controllers/api/notes_controller.rb:7:in `map'
Completed 200 OK in 6ms (Views: 0.2ms | ActiveRecord: 0.5ms (2 queries, 0 cached) | GC: 0.0ms)


  [1m[36mActiveRecord::InternalMetadata Load (0.3ms)[0m  [1m[34mSELECT * FROM "ar_internal_metadata" WHERE "ar_internal_metadata"."key" = 'environment' ORDER BY "ar_internal_metadata"."key" ASC LIMIT 1 /*application='RailsSystemsLab'*/[0m
  [1m[36mActiveRecord::SchemaMigration Load (0.1ms)[0m  [1m[34mSELECT "schema_migrations"."version" FROM "schema_migrations" ORDER BY "schema_migrations"."version" ASC /*application='RailsSystemsLab'*/[0m
  [1m[36mActiveRecord::SchemaMigration Load (0.0ms)[0m  [1m[34mSELECT "schema_migrations"."version" FROM "schema_migrations" ORDER BY "schema_migrations"."version" ASC /*application='RailsSystemsLab'*/[0m
Started GET "/api/notes" for 127.0.0.1 at 2026-04-26 21:13:38 -0400
Started GET "/api/notes" for 127.0.0.1 at 2026-04-26 21:13:38 -0400
  [1m[36mActiveRecord::SchemaMigration Load (0.2ms)[0m  [1m[34mSELECT "schema_migrations"."version" FROM "schema_migrations" ORDER BY "schema_migrations"."version" ASC /*application='RailsSystemsLab'*/[0m
  
ActionController::RoutingError (No route matches [GET] "/api/notes"):
  
Processing by Api::NotesController#index as */*
  [1m[36mNote Load (1.4ms)[0m  [1m[34mSELECT "notes".* FROM "notes" /*action='index',application='RailsSystemsLab',controller='notes'*/[0m
  ↳ app/controllers/api/notes_controller.rb:6:in `map'
  [1m[36mComment Load (0.2ms)[0m  [1m[34mSELECT "comments".* FROM "comments" WHERE "comments"."note_id" = 6 /*action='index',application='RailsSystemsLab',controller='notes'*/[0m
  ↳ app/controllers/api/notes_controller.rb:6:in `map'
Completed 500 Internal Server Error in 132ms (ActiveRecord: 5.3ms (2 queries, 0 cached) | GC: 19.5ms)


  
NoMethodError (undefined method `machine_name' for #<Note id: 6, title: "issue", body: "description theres a serious pron;e,m", status: "Open", created_at: "2026-04-27 01:11:36.512239000 +0000", updated_at: "2026-04-27 01:11:36.512239000 +0000", user_id: nil, score: 0>):
  
app/controllers/api/notes_controller.rb:62:in `serialize_note'
app/controllers/api/notes_controller.rb:6:in `block in index'
app/controllers/api/notes_controller.rb:6:in `map'
app/controllers/api/notes_controller.rb:6:in `index'
  [1m[36mActiveRecord::InternalMetadata Load (0.3ms)[0m  [1m[34mSELECT * FROM "ar_internal_metadata" WHERE "ar_internal_metadata"."key" = 'environment' ORDER BY "ar_internal_metadata"."key" ASC LIMIT 1 /*application='RailsSystemsLab'*/[0m
  [1m[36mActiveRecord::SchemaMigration Load (0.1ms)[0m  [1m[34mSELECT "schema_migrations"."version" FROM "schema_migrations" ORDER BY "schema_migrations"."version" ASC /*application='RailsSystemsLab'*/[0m
Migrating to AddMachineFieldsToNotes (20260427011658)
  [1m[36mTRANSACTION (0.1ms)[0m  [1m[35mBEGIN immediate TRANSACTION /*application='RailsSystemsLab'*/[0m
  [1m[35m (1.6ms)[0m  [1m[35mALTER TABLE "notes" ADD "machine_name" varchar /*application='RailsSystemsLab'*/[0m
  [1m[35m (0.1ms)[0m  [1m[35mALTER TABLE "notes" ADD "machine_location" varchar /*application='RailsSystemsLab'*/[0m
  [1m[35m (0.2ms)[0m  [1m[35mALTER TABLE "notes" ADD "machine_model" varchar /*application='RailsSystemsLab'*/[0m
  [1m[35m (0.2ms)[0m  [1m[35mALTER TABLE "notes" ADD "operating_hours" integer /*application='RailsSystemsLab'*/[0m
  [1m[36mActiveRecord::SchemaMigration Create (0.5ms)[0m  [1m[32mINSERT INTO "schema_migrations" ("version") VALUES ('20260427011658') RETURNING "version" /*application='RailsSystemsLab'*/[0m
  [1m[36mTRANSACTION (6.0ms)[0m  [1m[35mCOMMIT TRANSACTION /*application='RailsSystemsLab'*/[0m
  [1m[36mActiveRecord::SchemaMigration Load (0.2ms)[0m  [1m[34mSELECT "schema_migrations"."version" FROM "schema_migrations" ORDER BY "schema_migrations"."version" ASC /*application='RailsSystemsLab'*/[0m
Started GET "/api/notes" for 127.0.0.1 at 2026-04-26 21:17:13 -0400
Started GET "/api/notes" for 127.0.0.1 at 2026-04-26 21:17:13 -0400
  [1m[36mActiveRecord::SchemaMigration Load (0.3ms)[0m  [1m[34mSELECT "schema_migrations"."version" FROM "schema_migrations" ORDER BY "schema_migrations"."version" ASC /*application='RailsSystemsLab'*/[0m
  
ActionController::RoutingError (No route matches [GET] "/api/notes"):
  
Processing by Api::NotesController#index as */*
  [1m[36mNote Load (1.1ms)[0m  [1m[34mSELECT "notes".* FROM "notes" /*action='index',application='RailsSystemsLab',controller='notes'*/[0m
  ↳ app/controllers/api/notes_controller.rb:6:in `map'
  [1m[36mComment Load (0.1ms)[0m  [1m[34mSELECT "comments".* FROM "comments" WHERE "comments"."note_id" = 6 /*action='index',application='RailsSystemsLab',controller='notes'*/[0m
  ↳ app/controllers/api/notes_controller.rb:6:in `map'
Completed 200 OK in 101ms (Views: 0.3ms | ActiveRecord: 3.2ms (2 queries, 0 cached) | GC: 11.7ms)


Started DELETE "/api/notes/6" for 127.0.0.1 at 2026-04-26 21:17:15 -0400
Processing by Api::NotesController#destroy as */*
  Parameters: {"id"=>"6"}
HTTP Origin header (http://localhost:5173) didn't match request.base_url (http://localhost:3000)
  [1m[36mNote Load (0.2ms)[0m  [1m[34mSELECT "notes".* FROM "notes" WHERE "notes"."id" = 6 LIMIT 1 /*action='destroy',application='RailsSystemsLab',controller='notes'*/[0m
  ↳ app/controllers/api/notes_controller.rb:35:in `destroy'
  [1m[36mTRANSACTION (0.1ms)[0m  [1m[35mBEGIN immediate TRANSACTION /*action='destroy',application='RailsSystemsLab',controller='notes'*/[0m
  ↳ app/controllers/api/notes_controller.rb:36:in `destroy'
  [1m[36mComment Load (1.5ms)[0m  [1m[34mSELECT "comments".* FROM "comments" WHERE "comments"."note_id" = 6 /*action='destroy',application='RailsSystemsLab',controller='notes'*/[0m
  ↳ app/controllers/api/notes_controller.rb:36:in `destroy'
  [1m[36mNote Destroy (0.1ms)[0m  [1m[31mDELETE FROM "notes" WHERE "notes"."id" = 6 /*action='destroy',application='RailsSystemsLab',controller='notes'*/[0m
  ↳ app/controllers/api/notes_controller.rb:36:in `destroy'
  [1m[36mTRANSACTION (12.1ms)[0m  [1m[35mCOMMIT TRANSACTION /*action='destroy',application='RailsSystemsLab',controller='notes'*/[0m
  ↳ app/controllers/api/notes_controller.rb:36:in `destroy'
Completed 204 No Content in 23ms (ActiveRecord: 14.1ms (3 queries, 0 cached) | GC: 0.0ms)


Started GET "/api/notes" for 127.0.0.1 at 2026-04-26 21:17:15 -0400
Processing by Api::NotesController#index as */*
  [1m[36mNote Load (0.4ms)[0m  [1m[34mSELECT "notes".* FROM "notes" /*action='index',application='RailsSystemsLab',controller='notes'*/[0m
  ↳ app/controllers/api/notes_controller.rb:6:in `map'
Completed 200 OK in 3ms (Views: 0.1ms | ActiveRecord: 0.4ms (1 query, 0 cached) | GC: 0.0ms)


Started POST "/api/notes" for 127.0.0.1 at 2026-04-26 21:17:37 -0400
Processing by Api::NotesController#create as */*
  Parameters: {"note"=>{"title"=>"issue", "body"=>"dewcriptoin ", "machine_name"=>"machine", "machine_model"=>"mode", "machine_location"=>"locartion", "operating_hours"=>nil}}
HTTP Origin header (http://localhost:5173) didn't match request.base_url (http://localhost:3000)
  [1m[36mTRANSACTION (0.1ms)[0m  [1m[35mBEGIN immediate TRANSACTION /*action='create',application='RailsSystemsLab',controller='notes'*/[0m
  ↳ app/controllers/api/notes_controller.rb:17:in `create'
  [1m[36mNote Create (2.4ms)[0m  [1m[32mINSERT INTO "notes" ("title", "body", "status", "created_at", "updated_at", "user_id", "score", "machine_name", "machine_location", "machine_model", "operating_hours") VALUES ('issue', 'dewcriptoin ', 'Open', '2026-04-27 01:17:37.905756', '2026-04-27 01:17:37.905756', NULL, 0, 'machine', 'locartion', 'mode', NULL) RETURNING "id" /*action='create',application='RailsSystemsLab',controller='notes'*/[0m
  ↳ app/controllers/api/notes_controller.rb:17:in `create'
  [1m[36mTRANSACTION (0.6ms)[0m  [1m[35mCOMMIT TRANSACTION /*action='create',application='RailsSystemsLab',controller='notes'*/[0m
  ↳ app/controllers/api/notes_controller.rb:17:in `create'
  [1m[36mComment Load (0.2ms)[0m  [1m[34mSELECT "comments".* FROM "comments" WHERE "comments"."note_id" = 7 /*action='create',application='RailsSystemsLab',controller='notes'*/[0m
  ↳ app/controllers/api/notes_controller.rb:70:in `map'
Completed 201 Created in 13ms (Views: 0.4ms | ActiveRecord: 3.3ms (2 queries, 0 cached) | GC: 0.0ms)


Started GET "/api/notes" for 127.0.0.1 at 2026-04-26 21:17:37 -0400
Processing by Api::NotesController#index as */*
  [1m[36mNote Load (0.2ms)[0m  [1m[34mSELECT "notes".* FROM "notes" /*action='index',application='RailsSystemsLab',controller='notes'*/[0m
  ↳ app/controllers/api/notes_controller.rb:6:in `map'
  [1m[36mComment Load (0.2ms)[0m  [1m[34mSELECT "comments".* FROM "comments" WHERE "comments"."note_id" = 7 /*action='index',application='RailsSystemsLab',controller='notes'*/[0m
  ↳ app/controllers/api/notes_controller.rb:6:in `map'
Completed 200 OK in 6ms (Views: 0.2ms | ActiveRecord: 0.4ms (2 queries, 0 cached) | GC: 0.0ms)


Started GET "/api/notes" for 127.0.0.1 at 2026-04-26 21:18:36 -0400
  [1m[36mActiveRecord::SchemaMigration Load (0.2ms)[0m  [1m[34mSELECT "schema_migrations"."version" FROM "schema_migrations" ORDER BY "schema_migrations"."version" ASC /*application='RailsSystemsLab'*/[0m
Processing by Api::NotesController#index as */*
  [1m[36mNote Load (1.1ms)[0m  [1m[34mSELECT "notes".* FROM "notes" /*action='index',application='RailsSystemsLab',controller='notes'*/[0m
  ↳ app/controllers/api/notes_controller.rb:6:in `map'
  [1m[36mComment Load (0.1ms)[0m  [1m[34mSELECT "comments".* FROM "comments" WHERE "comments"."note_id" = 7 /*action='index',application='RailsSystemsLab',controller='notes'*/[0m
  ↳ app/controllers/api/notes_controller.rb:6:in `map'
Completed 200 OK in 63ms (Views: 0.2ms | ActiveRecord: 3.0ms (2 queries, 0 cached) | GC: 12.0ms)


Started GET "/api/notes" for 127.0.0.1 at 2026-04-26 21:18:36 -0400
Processing by Api::NotesController#index as */*
  [1m[36mNote Load (0.2ms)[0m  [1m[34mSELECT "notes".* FROM "notes" /*action='index',application='RailsSystemsLab',controller='notes'*/[0m
  ↳ app/controllers/api/notes_controller.rb:6:in `map'
  [1m[36mComment Load (0.1ms)[0m  [1m[34mSELECT "comments".* FROM "comments" WHERE "comments"."note_id" = 7 /*action='index',application='RailsSystemsLab',controller='notes'*/[0m
  ↳ app/controllers/api/notes_controller.rb:6:in `map'
Completed 200 OK in 4ms (Views: 0.1ms | ActiveRecord: 0.3ms (2 queries, 0 cached) | GC: 0.3ms)


Started DELETE "/api/notes/7" for 127.0.0.1 at 2026-04-26 21:18:39 -0400
Processing by Api::NotesController#destroy as */*
  Parameters: {"id"=>"7"}
HTTP Origin header (http://localhost:5173) didn't match request.base_url (http://localhost:3000)
  [1m[36mNote Load (0.2ms)[0m  [1m[34mSELECT "notes".* FROM "notes" WHERE "notes"."id" = 7 LIMIT 1 /*action='destroy',application='RailsSystemsLab',controller='notes'*/[0m
  ↳ app/controllers/api/notes_controller.rb:35:in `destroy'
  [1m[36mTRANSACTION (0.1ms)[0m  [1m[35mBEGIN immediate TRANSACTION /*action='destroy',application='RailsSystemsLab',controller='notes'*/[0m
  ↳ app/controllers/api/notes_controller.rb:36:in `destroy'
  [1m[36mComment Load (1.2ms)[0m  [1m[34mSELECT "comments".* FROM "comments" WHERE "comments"."note_id" = 7 /*action='destroy',application='RailsSystemsLab',controller='notes'*/[0m
  ↳ app/controllers/api/notes_controller.rb:36:in `destroy'
  [1m[36mNote Destroy (0.1ms)[0m  [1m[31mDELETE FROM "notes" WHERE "notes"."id" = 7 /*action='destroy',application='RailsSystemsLab',controller='notes'*/[0m
  ↳ app/controllers/api/notes_controller.rb:36:in `destroy'
  [1m[36mTRANSACTION (4.9ms)[0m  [1m[35mCOMMIT TRANSACTION /*action='destroy',application='RailsSystemsLab',controller='notes'*/[0m
  ↳ app/controllers/api/notes_controller.rb:36:in `destroy'
Completed 204 No Content in 13ms (ActiveRecord: 6.4ms (3 queries, 0 cached) | GC: 1.2ms)


Started GET "/api/notes" for 127.0.0.1 at 2026-04-26 21:18:39 -0400
Processing by Api::NotesController#index as */*
  [1m[36mNote Load (0.2ms)[0m  [1m[34mSELECT "notes".* FROM "notes" /*action='index',application='RailsSystemsLab',controller='notes'*/[0m
  ↳ app/controllers/api/notes_controller.rb:6:in `map'
Completed 200 OK in 2ms (Views: 0.1ms | ActiveRecord: 0.2ms (1 query, 0 cached) | GC: 0.3ms)


Started POST "/api/notes" for 127.0.0.1 at 2026-04-26 21:19:03 -0400
Processing by Api::NotesController#create as */*
  Parameters: {"note"=>{"title"=>"Issue", "body"=>"Description", "machine_name"=>"Machine name", "machine_model"=>"Model type", "machine_location"=>"Location in the town", "operating_hours"=>nil}}
HTTP Origin header (http://localhost:5173) didn't match request.base_url (http://localhost:3000)
  [1m[36mTRANSACTION (0.1ms)[0m  [1m[35mBEGIN immediate TRANSACTION /*action='create',application='RailsSystemsLab',controller='notes'*/[0m
  ↳ app/controllers/api/notes_controller.rb:17:in `create'
  [1m[36mNote Create (1.1ms)[0m  [1m[32mINSERT INTO "notes" ("title", "body", "status", "created_at", "updated_at", "user_id", "score", "machine_name", "machine_location", "machine_model", "operating_hours") VALUES ('Issue', 'Description', 'Open', '2026-04-27 01:19:03.882444', '2026-04-27 01:19:03.882444', NULL, 0, 'Machine name', 'Location in the town', 'Model type', NULL) RETURNING "id" /*action='create',application='RailsSystemsLab',controller='notes'*/[0m
  ↳ app/controllers/api/notes_controller.rb:17:in `create'
  [1m[36mTRANSACTION (0.3ms)[0m  [1m[35mCOMMIT TRANSACTION /*action='create',application='RailsSystemsLab',controller='notes'*/[0m
  ↳ app/controllers/api/notes_controller.rb:17:in `create'
  [1m[36mComment Load (0.1ms)[0m  [1m[34mSELECT "comments".* FROM "comments" WHERE "comments"."note_id" = 8 /*action='create',application='RailsSystemsLab',controller='notes'*/[0m
  ↳ app/controllers/api/notes_controller.rb:70:in `map'
Completed 201 Created in 6ms (Views: 0.1ms | ActiveRecord: 1.6ms (2 queries, 0 cached) | GC: 0.0ms)


Started GET "/api/notes" for 127.0.0.1 at 2026-04-26 21:19:03 -0400
Processing by Api::NotesController#index as */*
  [1m[36mNote Load (0.2ms)[0m  [1m[34mSELECT "notes".* FROM "notes" /*action='index',application='RailsSystemsLab',controller='notes'*/[0m
  ↳ app/controllers/api/notes_controller.rb:6:in `map'
  [1m[36mComment Load (0.1ms)[0m  [1m[34mSELECT "comments".* FROM "comments" WHERE "comments"."note_id" = 8 /*action='index',application='RailsSystemsLab',controller='notes'*/[0m
  ↳ app/controllers/api/notes_controller.rb:6:in `map'
Completed 200 OK in 3ms (Views: 0.1ms | ActiveRecord: 0.2ms (2 queries, 0 cached) | GC: 0.0ms)


Started POST "/api/notes" for 127.0.0.1 at 2026-04-26 21:19:54 -0400
Processing by Api::NotesController#create as */*
  Parameters: {"note"=>{"title"=>"Issue thats not the same", "body"=>"description thats totally different", "machine_name"=>"Different Machine", "machine_model"=>"Different Model", "machine_location"=>"Different Location", "operating_hours"=>55}}
HTTP Origin header (http://localhost:5173) didn't match request.base_url (http://localhost:3000)
  [1m[36mTRANSACTION (0.1ms)[0m  [1m[35mBEGIN immediate TRANSACTION /*action='create',application='RailsSystemsLab',controller='notes'*/[0m
  ↳ app/controllers/api/notes_controller.rb:17:in `create'
  [1m[36mNote Create (1.6ms)[0m  [1m[32mINSERT INTO "notes" ("title", "body", "status", "created_at", "updated_at", "user_id", "score", "machine_name", "machine_location", "machine_model", "operating_hours") VALUES ('Issue thats not the same', 'description thats totally different', 'Open', '2026-04-27 01:19:54.604171', '2026-04-27 01:19:54.604171', NULL, 0, 'Different Machine', 'Different Location', 'Different Model', 55) RETURNING "id" /*action='create',application='RailsSystemsLab',controller='notes'*/[0m
  ↳ app/controllers/api/notes_controller.rb:17:in `create'
  [1m[36mTRANSACTION (0.2ms)[0m  [1m[35mCOMMIT TRANSACTION /*action='create',application='RailsSystemsLab',controller='notes'*/[0m
  ↳ app/controllers/api/notes_controller.rb:17:in `create'
  [1m[36mComment Load (0.1ms)[0m  [1m[34mSELECT "comments".* FROM "comments" WHERE "comments"."note_id" = 9 /*action='create',application='RailsSystemsLab',controller='notes'*/[0m
  ↳ app/controllers/api/notes_controller.rb:70:in `map'
Completed 201 Created in 7ms (Views: 0.1ms | ActiveRecord: 2.0ms (2 queries, 0 cached) | GC: 0.0ms)


Started GET "/api/notes" for 127.0.0.1 at 2026-04-26 21:19:54 -0400
Processing by Api::NotesController#index as */*
  [1m[36mNote Load (0.2ms)[0m  [1m[34mSELECT "notes".* FROM "notes" /*action='index',application='RailsSystemsLab',controller='notes'*/[0m
  ↳ app/controllers/api/notes_controller.rb:6:in `map'
  [1m[36mComment Load (0.3ms)[0m  [1m[34mSELECT "comments".* FROM "comments" WHERE "comments"."note_id" IN (8, 9) /*action='index',application='RailsSystemsLab',controller='notes'*/[0m
  ↳ app/controllers/api/notes_controller.rb:6:in `map'
Completed 200 OK in 4ms (Views: 0.1ms | ActiveRecord: 0.4ms (2 queries, 0 cached) | GC: 0.0ms)


